split,homology_cluster,bmrb_id,pdb_id,chain_id,pdb_seq_position,seq_id,comp_id,shift_h_raw,shift_n_raw,pred_h,pred_n,match_position,step35_pred_h,step35_pred_n,ensemble_sd_h_ppm,ensemble_sd_n_ppm,h_prediction_difference_ppm,n_prediction_difference_ppm
test,cluster_032,4242,3MSP,A,2,2,GLN,8.68,127.0,8.507569313049316,120.94619750976562,2,8.507569,120.9462,0.14320397,0.69398654,0.0,0.0
test,cluster_032,4242,3MSP,A,3,3,SER,8.47,125.5,8.392878532409668,117.36603546142578,3,8.392879,117.366035,0.0570699,0.36809403,0.0,0.0
test,cluster_032,4242,3MSP,A,4,4,VAL,8.13,128.6,8.184000968933105,122.97054290771484,4,8.184001,122.97054,0.04896003,0.9034595,0.0,0.0
test,cluster_032,4242,3MSP,A,7,7,GLY,8.92,115.4,8.325721740722656,109.786376953125,7,8.325722,109.78638,0.026077075,1.6785257,0.0,0.0
test,cluster_032,4242,3MSP,A,8,8,ASP,8.53,126.0,8.240706443786621,121.68937683105467,8,8.240706,121.68938,0.06882292,0.6167254,0.0,1.4210854715202004e-14
test,cluster_032,4242,3MSP,A,9,9,ILE,7.2,116.4,8.632577896118164,124.3124542236328,9,8.632578,124.312454,0.11189874,0.8489583,0.0,1.4210854715202004e-14
test,cluster_032,4242,3MSP,A,10,10,ASN,8.4,126.1,8.700000762939453,124.81591796875,10,8.700001,124.81592,0.10619881,0.5272547,0.0,0.0
test,cluster_032,4242,3MSP,A,11,11,THR,8.77,119.8,8.140159606933594,115.3878936767578,11,8.14016,115.38789,0.10788358,0.77220273,0.0,1.4210854715202004e-14
test,cluster_032,4242,3MSP,A,12,12,GLN,8.24,127.0,8.485812187194824,124.27862548828124,12,8.485812,124.278625,0.07090455,0.94737005,0.0,1.4210854715202004e-14
test,cluster_032,4242,3MSP,A,14,14,SER,10.0,123.0,8.316201210021973,114.65437316894533,14,8.316201,114.65437,0.15206437,0.74835443,0.0,-1.4210854715202004e-14
test,cluster_032,4242,3MSP,A,15,15,GLN,8.56,124.0,8.36488151550293,119.9601593017578,15,8.3648815,119.96016,0.1136309,0.76266676,0.0,1.4210854715202004e-14
test,cluster_032,4242,3MSP,A,16,16,LYS,7.81,121.1,8.371184349060059,122.28840637207033,16,8.371184,122.28841,0.1811635,0.8132084,0.0,-1.4210854715202004e-14
test,cluster_032,4242,3MSP,A,17,17,ILE,8.59,126.4,8.71198844909668,123.99681854248048,17,8.711988,123.99682,0.07726798,0.81248015,0.0,-1.4210854715202004e-14
test,cluster_032,4242,3MSP,A,18,18,VAL,7.96,133.0,8.539151191711426,125.17028045654295,18,8.539151,125.17028,0.044584,0.5458555,0.0,1.4210854715202004e-14
test,cluster_032,4242,3MSP,A,19,19,PHE,8.79,131.8,8.941632270812988,126.26276397705078,19,8.941632,126.262764,0.06458491,0.919465,0.0,0.0
test,cluster_032,4242,3MSP,A,21,21,ALA,7.85,132.4,7.9654059410095215,123.1425552368164,21,7.965406,123.142555,0.12689804,0.65168756,0.0,0.0
test,cluster_032,4242,3MSP,A,23,23,TYR,8.71,128.5,8.36456298828125,116.91813659667967,23,8.364563,116.91813,0.11422464,0.8309814,0.0,-7.629394517039145e-06
test,cluster_032,4242,3MSP,A,24,24,ASP,7.6,123.5,8.474527359008789,120.23004913330078,24,8.474527,120.23005,0.101301506,0.46162945,0.0,0.0
test,cluster_032,4242,3MSP,A,25,25,ASP,7.53,124.5,8.176968574523926,120.68968200683594,25,8.176969,120.68968,0.11160527,0.8754943,0.0,0.0
test,cluster_032,4242,3MSP,A,26,26,LYS,8.46,129.5,8.229254722595215,121.95346069335938,26,8.229255,121.95346,0.09248763,0.72318757,0.0,0.0
test,cluster_032,4242,3MSP,A,27,27,HIS,8.43,128.8,8.544156074523926,121.5305633544922,27,8.544156,121.53056,0.07798501,1.098259,0.0,-1.4210854715202004e-14
test,cluster_032,4242,3MSP,A,28,28,THR,8.66,128.0,8.352062225341797,114.97752380371094,28,8.352062,114.97752,0.13522924,0.73948544,0.0,0.0
test,cluster_032,4242,3MSP,A,29,29,TYR,9.21,135.0,8.688898086547852,124.89311981201172,29,8.688898,124.89312,0.113435395,1.027924,0.0,0.0
test,cluster_032,4242,3MSP,A,30,30,HIS,8.62,124.3,8.601235389709473,122.57910919189452,30,8.601235,122.57911,0.0925319,0.9696995,0.0,1.4210854715202004e-14
test,cluster_032,4242,3MSP,A,31,31,ILE,8.79,125.5,8.383024215698242,121.50150299072266,31,8.383024,121.5015,0.1157498,0.5312145,0.0,0.0
test,cluster_032,4242,3MSP,A,32,32,LYS,9.06,133.6,8.814492225646973,125.56150817871094,32,8.814492,125.56151,0.09627828,0.5743477,0.0,0.0
test,cluster_032,4242,3MSP,A,33,33,ILE,8.77,134.6,8.698981285095215,122.34463500976562,33,8.698981,122.344635,0.04401933,1.1439339,0.0,0.0
test,cluster_032,4242,3MSP,A,34,34,THR,8.47,126.9,8.900601387023926,120.36176300048828,34,8.900601,120.36176,0.052964266,0.6157706,0.0,0.0
test,cluster_032,4242,3MSP,A,35,35,ASN,8.26,128.6,8.96400260925293,124.92583465576172,35,8.964003,124.925835,0.07782636,0.765178,0.0,0.0
test,cluster_032,4242,3MSP,A,36,36,ALA,7.55,138.5,7.959411144256592,120.8169937133789,36,7.959411,120.81699,0.06347562,0.86162424,0.0,0.0
test,cluster_032,4242,3MSP,A,37,37,GLY,8.06,115.3,7.987353324890137,107.14142608642578,37,7.9873533,107.141426,0.06124595,0.97189957,0.0,0.0
test,cluster_032,4242,3MSP,A,38,38,GLY,8.44,109.9,8.576781272888184,110.2856674194336,38,8.576781,110.28567,0.066584915,0.688943,0.0,0.0
test,cluster_032,4242,3MSP,A,39,39,ARG,7.41,123.7,8.147168159484863,119.12535858154295,39,8.147168,119.12536,0.08894666,0.45265105,0.0,1.4210854715202004e-14
test,cluster_032,4242,3MSP,A,40,40,ARG,8.56,129.3,8.453980445861816,120.82818603515624,40,8.45398,120.828186,0.09003175,0.40284824,0.0,1.4210854715202004e-14
test,cluster_032,4242,3MSP,A,41,41,ILE,8.58,124.6,8.605853080749512,122.32806396484376,41,8.605853,122.328064,0.08385228,0.833448,0.0,-1.4210854715202004e-14
test,cluster_032,4242,3MSP,A,42,42,GLY,9.2,114.8,8.629058837890625,113.23638916015624,42,8.629059,113.23639,0.16556273,1.934725,0.0,1.4210854715202004e-14
test,cluster_032,4242,3MSP,A,43,43,TRP,9.17,128.8,8.201262474060059,120.046630859375,43,8.201262,120.04663,0.12328942,0.68341863,0.0,0.0
test,cluster_032,4242,3MSP,A,44,44,ALA,9.6,127.2,9.000173568725586,124.27540588378906,44,9.000174,124.275406,0.07610431,0.33300453,0.0,0.0
test,cluster_032,4242,3MSP,A,45,45,ILE,8.02,125.8,8.291234970092773,120.20368957519533,45,8.291235,120.20369,0.09251266,0.9582458,0.0,-1.4210854715202004e-14
test,cluster_032,4242,3MSP,A,46,46,LYS,8.9,131.8,8.815085411071777,125.88135528564452,46,8.815085,125.881355,0.052899748,0.7829647,0.0,1.4210854715202004e-14
test,cluster_032,4242,3MSP,A,47,47,THR,8.53,119.2,8.306827545166016,115.9360122680664,47,8.306828,115.93601,0.108490266,0.39579818,0.0,0.0
test,cluster_032,4242,3MSP,A,48,48,THR,7.63,115.3,8.542759895324707,117.94620513916016,48,8.54276,117.946205,0.08486588,0.6557129,0.0,0.0
test,cluster_032,4242,3MSP,A,49,49,ASN,8.0,125.8,8.626605987548828,124.15704345703124,49,8.626606,124.15704,0.14942531,1.0076835,0.0,1.4210854715202004e-14
test,cluster_032,4242,3MSP,A,50,50,MET,8.64,128.7,8.380353927612305,118.02062225341795,50,8.380354,118.02062,0.088046126,0.98259383,0.0,1.4210854715202004e-14
test,cluster_032,4242,3MSP,A,51,51,ARG,8.02,124.9,8.146232604980469,119.80191040039062,51,8.146233,119.80191,0.089776166,0.44806573,0.0,0.0
test,cluster_032,4242,3MSP,A,52,52,ARG,7.48,124.2,8.402861595153809,119.79264068603516,52,8.402862,119.79264,0.093209244,0.94735795,0.0,0.0
test,cluster_032,4242,3MSP,A,53,53,LEU,7.78,125.3,8.50533390045166,123.23094177246094,53,8.505334,123.23094,0.056057896,0.43751135,0.0,0.0
test,cluster_032,4242,3MSP,A,54,54,SER,8.33,121.8,8.537196159362793,117.88616180419922,54,8.537196,117.88616,0.011007373,0.5001146,0.0,0.0
test,cluster_032,4242,3MSP,A,55,55,VAL,8.34,125.9,8.350156784057617,122.86067962646484,55,8.350157,122.86068,0.09149358,0.6194125,0.0,0.0
test,cluster_032,4242,3MSP,A,56,56,ASP,8.66,129.6,8.407426834106445,124.44623565673828,56,8.407427,124.446236,0.08021628,0.70169234,0.0,0.0
test,cluster_032,4242,3MSP,A,59,59,CYS,6.86,120.2,8.470242500305176,117.490966796875,59,8.4702425,117.49097,0.14054765,1.2731606,0.0,0.0
test,cluster_032,4242,3MSP,A,60,60,GLY,7.09,111.5,8.32300853729248,110.73431396484376,60,8.323009,110.734314,0.079959415,0.16401681,0.0,-1.4210854715202004e-14
test,cluster_032,4242,3MSP,A,61,61,VAL,8.31,125.3,8.318428039550781,121.6907730102539,61,8.318428,121.69077,0.118677884,0.40020528,0.0,0.0
test,cluster_032,4242,3MSP,A,62,62,LEU,9.23,131.7,8.783554077148438,126.86102294921876,62,8.783554,126.861015,0.13963516,0.5035049,0.0,-7.629394545460855e-06
test,cluster_032,4242,3MSP,A,63,63,ASP,9.97,134.5,8.328082084655762,121.97505950927734,63,8.328082,121.97506,0.068861455,0.84319395,0.0,0.0
test,cluster_032,4242,3MSP,A,65,65,LYS,8.49,124.8,8.182862281799316,119.3380355834961,65,8.182862,119.338036,0.14172447,1.1413833,0.0,0.0
test,cluster_032,4242,3MSP,A,66,66,GLU,8.25,129.7,8.127264976501465,120.38113403320312,66,8.127265,120.381134,0.12819782,0.64469093,0.0,0.0
test,cluster_032,4242,3MSP,A,67,67,LYS,8.07,127.6,8.33310317993164,122.03665924072266,67,8.333103,122.03666,0.14301534,0.64170563,0.0,0.0
test,cluster_032,4242,3MSP,A,68,68,VAL,8.78,126.5,8.411900520324707,122.7533721923828,68,8.4119005,122.75337,0.04701002,0.9093097,0.0,1.4210854715202004e-14
test,cluster_032,4242,3MSP,A,69,69,LEU,8.23,134.6,8.813764572143555,127.54510498046876,69,8.813765,127.545105,0.11656861,0.7584907,0.0,-1.4210854715202004e-14
test,cluster_032,4242,3MSP,A,70,70,MET,9.17,132.7,8.940195083618164,124.45535278320312,70,8.940195,124.45535,0.09549465,0.8450929,0.0,0.0
test,cluster_032,4242,3MSP,A,71,71,ALA,8.98,134.0,8.815678596496582,125.48218536376952,71,8.815679,125.482185,0.06183417,0.5201955,0.0,1.4210854715202004e-14
test,cluster_032,4242,3MSP,A,72,72,VAL,9.04,131.4,8.454850196838379,120.9898910522461,72,8.45485,120.98989,0.16307485,1.0848758,0.0,0.0
test,cluster_032,4242,3MSP,A,73,73,SER,9.33,129.6,8.665811538696289,120.06900024414062,73,8.665812,120.069,0.1068687,0.5684811,0.0,0.0
test,cluster_032,4242,3MSP,A,74,74,CYS,8.86,131.6,8.47225570678711,120.3654327392578,74,8.472256,120.36543,0.061400756,0.2327515,0.0,1.4210854715202004e-14
test,cluster_032,4242,3MSP,A,75,75,ASP,8.73,134.5,8.679855346679688,124.0901107788086,75,8.679855,124.09011,0.12980494,0.9328688,0.0,0.0
test,cluster_032,4242,3MSP,A,76,76,THR,8.6,118.9,8.081960678100586,116.92567443847656,76,8.081961,116.925674,0.05255481,0.5099132,0.0,0.0
test,cluster_032,4242,3MSP,A,77,77,PHE,7.81,125.7,8.564862251281738,122.3596420288086,77,8.564862,122.35964,0.054332923,0.39943692,0.0,0.0
test,cluster_032,4242,3MSP,A,78,78,ASN,8.54,125.2,8.557563781738281,122.28600311279295,78,8.557564,122.286,0.1023088,1.1725471,0.0,1.4210854715202004e-14
test,cluster_032,4242,3MSP,A,79,79,ALA,8.2,134.3,8.088357925415039,121.83712005615234,79,8.088358,121.83712,0.045961913,0.7832635,0.0,0.0
test,cluster_032,4242,3MSP,A,80,80,ALA,8.05,123.4,8.033772468566895,120.73472595214844,80,8.033772,120.734726,0.08056314,0.79348886,0.0,0.0
test,cluster_032,4242,3MSP,A,81,81,THR,7.27,112.0,8.187692642211914,113.66211700439452,81,8.187693,113.66212,0.11202136,0.620378,0.0,1.4210854715202004e-14
test,cluster_032,4242,3MSP,A,82,82,GLU,7.27,127.8,8.366748809814453,124.65178680419922,82,8.366749,124.65179,0.102219194,0.71458864,0.0,0.0
test,cluster_032,4242,3MSP,A,83,83,ASP,8.36,126.4,8.472254753112793,124.51978302001952,83,8.472255,124.51978,0.05716337,0.62463504,0.0,1.4210854715202004e-14
test,cluster_032,4242,3MSP,A,84,84,LEU,8.65,133.0,8.366312026977539,124.86782836914062,84,8.366312,124.86783,0.12051626,0.46301013,0.0,0.0
test,cluster_032,4242,3MSP,A,85,85,ASN,8.46,125.5,8.36264705657959,117.31119537353516,85,8.362647,117.311195,0.06710807,0.9819332,0.0,0.0
test,cluster_032,4242,3MSP,A,86,86,ASN,8.68,125.8,8.503442764282227,117.544189453125,86,8.503443,117.54419,0.033648957,0.61281306,0.0,0.0
test,cluster_032,4242,3MSP,A,87,87,ASP,9.26,129.0,8.424088478088379,121.41181182861328,87,8.4240885,121.41181,0.08327327,0.49001095,0.0,0.0
test,cluster_032,4242,3MSP,A,88,88,ARG,8.29,126.0,8.224056243896484,119.31310272216795,88,8.224056,119.3131,0.1740862,0.95767236,0.0,1.4210854715202004e-14
test,cluster_032,4242,3MSP,A,89,89,ILE,8.38,127.7,8.676316261291504,122.00099182128906,89,8.676316,122.00099,0.058866788,0.6355169,0.0,0.0
test,cluster_032,4242,3MSP,A,90,90,THR,9.15,130.9,8.861002922058105,121.14293670654295,90,8.861003,121.14294,0.07520547,0.8720716,0.0,1.4210854715202004e-14
test,cluster_032,4242,3MSP,A,91,91,ILE,9.3,134.3,9.096108436584473,126.4577865600586,91,9.096108,126.45779,0.12185171,0.5557547,0.0,0.0
test,cluster_032,4242,3MSP,A,92,92,GLU,9.46,133.3,8.789274215698242,124.2405776977539,92,8.789274,124.24058,0.06166381,0.41437507,0.0,0.0
test,cluster_032,4242,3MSP,A,93,93,TRP,9.35,127.0,8.61631965637207,120.8087158203125,93,8.61632,120.808716,0.09798151,0.8382826,0.0,0.0
test,cluster_032,4242,3MSP,A,94,94,THR,8.77,119.5,8.854989051818848,115.44563293457033,94,8.854989,115.44563,0.106359474,1.1675172,0.0,-1.4210854715202004e-14
test,cluster_032,4242,3MSP,A,95,95,ASN,8.22,130.5,8.763869285583496,124.8121566772461,95,8.763869,124.81216,0.10516312,0.88909036,0.0,0.0
test,cluster_032,4242,3MSP,A,96,96,THR,7.98,120.6,8.052206039428711,117.0700912475586,96,8.052206,117.07009,0.1200819,0.5916207,0.0,0.0
test,cluster_032,4242,3MSP,A,98,98,ASP,8.54,129.9,8.376832008361816,121.9117431640625,98,8.376832,121.91174,0.06297473,1.1560382,0.0,0.0
test,cluster_032,4242,3MSP,A,99,99,GLY,8.78,118.4,8.689918518066406,111.19651794433594,99,8.6899185,111.19652,0.14396572,0.6814779,0.0,0.0
test,cluster_032,4242,3MSP,A,100,100,ALA,7.44,129.2,7.883435249328613,123.6879653930664,100,7.8834352,123.687965,0.11499355,0.6052736,0.0,0.0
test,cluster_032,4242,3MSP,A,101,101,ALA,8.4,130.6,8.070205688476562,123.66029357910156,101,8.070206,123.66029,0.12884566,0.94807273,0.0,0.0
test,cluster_032,4242,3MSP,A,102,102,LYS,8.59,128.4,8.085454940795898,120.78556060791016,102,8.085455,120.78556,0.14264244,0.72482,0.0,0.0
test,cluster_032,4242,3MSP,A,103,103,GLN,7.82,128.0,7.894322395324707,121.34430694580078,103,7.8943224,121.34431,0.08469783,0.8820775,0.0,0.0
test,cluster_032,4242,3MSP,A,104,104,PHE,8.89,132.4,8.532587051391602,123.51161193847656,104,8.532587,123.51161,0.1159349,0.764808,0.0,0.0
test,cluster_032,4242,3MSP,A,106,106,ARG,8.33,130.2,8.456510543823242,118.9859619140625,106,8.456511,118.98596,0.061696332,0.60453755,0.0,0.0
test,cluster_032,4242,3MSP,A,107,107,GLU,9.4,125.7,8.342049598693848,118.34180450439452,107,8.34205,118.341805,0.13230704,0.5225514,0.0,1.4210854715202004e-14
test,cluster_032,4242,3MSP,A,108,108,TRP,7.18,126.4,7.970722198486328,118.94208526611328,108,7.970722,118.942085,0.095434114,0.7688085,0.0,0.0
test,cluster_032,4242,3MSP,A,109,109,PHE,7.97,122.2,8.030722618103027,118.40931701660156,109,8.030723,118.40932,0.1120745,0.9775507,0.0,0.0
test,cluster_032,4242,3MSP,A,110,110,GLN,7.53,126.1,8.051639556884766,118.46292877197266,110,8.05164,118.46293,0.19258425,0.56505466,0.0,0.0
test,cluster_032,4242,3MSP,A,111,111,GLY,8.23,116.5,8.087467193603516,109.39561462402344,111,8.087467,109.395615,0.06145679,0.5767065,0.0,0.0
test,cluster_032,4242,3MSP,A,112,112,ASP,8.41,129.1,8.304887771606445,121.43049621582033,112,8.304888,121.4305,0.0820672,0.63005203,0.0,-1.4210854715202004e-14
test,cluster_032,4242,3MSP,A,113,113,GLY,8.22,115.7,8.46603775024414,112.22696685791016,113,8.466038,112.22697,0.15857065,1.6266198,0.0,0.0
test,cluster_032,4242,3MSP,A,114,114,MET,8.28,127.3,8.224431037902832,120.79427337646484,114,8.224431,120.79427,0.040103342,0.83683044,0.0,0.0
test,cluster_032,4242,3MSP,A,115,115,VAL,8.27,133.5,8.409314155578613,121.95276641845705,115,8.409314,121.95277,0.05924718,0.7349457,0.0,-1.4210854715202004e-14
test,cluster_032,4242,3MSP,A,116,116,ARG,8.31,133.6,8.608264923095703,123.76486206054688,116,8.608265,123.76486,0.08642204,0.74033487,0.0,0.0
test,cluster_032,4242,3MSP,A,117,117,ARG,7.85,122.1,8.180706024169922,120.00115203857422,117,8.180706,120.00115,0.10419167,0.52211887,0.0,0.0
test,cluster_032,4242,3MSP,A,118,118,LYS,9.44,130.3,8.353581428527832,122.33309173583984,118,8.353581,122.33309,0.088963576,1.0279173,0.0,0.0
test,cluster_032,4242,3MSP,A,119,119,ASN,9.1,131.3,8.404680252075195,121.22296905517578,119,8.40468,121.22297,0.059580415,0.4991337,0.0,0.0
test,cluster_032,4242,3MSP,A,120,120,LEU,9.43,131.3,8.044474601745605,122.60843658447266,120,8.044475,122.60844,0.09305012,0.25481218,0.0,0.0
test,cluster_032,4242,3MSP,A,122,122,ILE,7.47,127.5,8.694374084472656,121.84712982177734,122,8.694374,121.84713,0.11453361,0.5531694,0.0,0.0
test,cluster_032,4242,3MSP,A,123,123,GLU,8.46,134.6,8.898042678833008,124.65169525146484,123,8.898043,124.651695,0.06779508,0.97258586,0.0,0.0
test,cluster_032,4242,3MSP,A,124,124,TYR,8.83,130.6,8.470196723937988,120.6418685913086,124,8.470197,120.64187,0.14792916,1.2990937,0.0,0.0
test,cluster_032,4242,3MSP,A,125,125,ASN,8.43,130.7,8.708697319030762,122.47020721435548,125,8.708697,122.47021,0.08195906,0.8029641,0.0,-1.4210854715202004e-14
test,cluster_032,4242,3MSP,A,126,126,LEU,8.2,141.1,8.126078605651855,124.0846710205078,126,8.126079,124.08467,0.12930624,0.8722007,0.0,1.4210854715202004e-14
