bmrb_id,candidate_rows,tie_category,n_bmrb_entities,n_entity_shift_list_groups,n_pdb_structures,n_pdb_polymer_entities,n_coordinate_chains,different_bmrb_entities,different_shift_lists_within_any_entity,different_pdb_structures,candidate_equivalence_established,selection_status
11030,2,different_shift_lists,1,2,1,1,1,False,True,False,False,unresolved_exact_tie
11034,2,different_chains_same_polymer_entity,1,1,1,1,2,False,False,False,False,unresolved_exact_tie
15021,2,different_chains_same_polymer_entity,1,1,1,1,2,False,False,False,False,unresolved_exact_tie
15083,2,different_pdb_structures,1,1,2,2,2,False,False,True,False,unresolved_exact_tie
15090,2,different_chains_same_polymer_entity,1,1,1,1,2,False,False,False,False,unresolved_exact_tie
15142,2,different_chains_same_polymer_entity,1,1,1,1,2,False,False,False,False,unresolved_exact_tie
15257,2,different_chains_same_polymer_entity,1,1,1,1,2,False,False,False,False,unresolved_exact_tie
15317,2,different_chains_same_polymer_entity,1,1,1,1,2,False,False,False,False,unresolved_exact_tie
15324,2,different_chains_same_polymer_entity,1,1,1,1,2,False,False,False,False,unresolved_exact_tie
15334,2,different_chains_same_polymer_entity,1,1,1,1,2,False,False,False,False,unresolved_exact_tie
15347,2,different_chains_same_polymer_entity,1,1,1,1,2,False,False,False,False,unresolved_exact_tie
15350,2,different_chains_same_polymer_entity,1,1,1,1,2,False,False,False,False,unresolved_exact_tie
15384,2,different_chains_same_polymer_entity,1,1,1,1,2,False,False,False,False,unresolved_exact_tie
15418,2,different_chains_same_polymer_entity,1,1,1,1,2,False,False,False,False,unresolved_exact_tie
15442,2,different_chains_same_polymer_entity,1,1,1,1,2,False,False,False,False,unresolved_exact_tie
15456,2,different_chains_same_polymer_entity,1,1,1,1,2,False,False,False,False,unresolved_exact_tie
15511,2,different_chains_same_polymer_entity,1,1,1,1,2,False,False,False,False,unresolved_exact_tie
15528,2,different_chains_same_polymer_entity,1,1,1,1,2,False,False,False,False,unresolved_exact_tie
15553,2,different_pdb_structures,1,1,2,2,2,False,False,True,False,unresolved_exact_tie
15591,2,different_pdb_structures,1,1,2,2,2,False,False,True,False,unresolved_exact_tie
15633,2,different_chains_same_polymer_entity,1,1,1,1,2,False,False,False,False,unresolved_exact_tie
15635,2,different_chains_same_polymer_entity,1,1,1,1,2,False,False,False,False,unresolved_exact_tie
15636,2,different_chains_same_polymer_entity,1,1,1,1,2,False,False,False,False,unresolved_exact_tie
15637,2,different_chains_same_polymer_entity,1,1,1,1,2,False,False,False,False,unresolved_exact_tie
15677,8,different_pdb_structures,1,1,2,2,8,False,False,True,False,unresolved_exact_tie
15691,2,different_chains_same_polymer_entity,1,1,1,1,2,False,False,False,False,unresolved_exact_tie
15912,2,different_shift_lists,1,2,1,1,1,False,True,False,False,unresolved_exact_tie
15916,2,different_chains_same_polymer_entity,1,1,1,1,2,False,False,False,False,unresolved_exact_tie
15931,2,different_chains_same_polymer_entity,1,1,1,1,2,False,False,False,False,unresolved_exact_tie
15999,2,different_chains_same_polymer_entity,1,1,1,1,2,False,False,False,False,unresolved_exact_tie
16033,2,different_chains_same_polymer_entity,1,1,1,1,2,False,False,False,False,unresolved_exact_tie
16034,2,different_chains_same_polymer_entity,1,1,1,1,2,False,False,False,False,unresolved_exact_tie
16050,2,different_chains_same_polymer_entity,1,1,1,1,2,False,False,False,False,unresolved_exact_tie
16051,2,different_pdb_structures,1,1,2,2,2,False,False,True,False,unresolved_exact_tie
16110,2,different_chains_same_polymer_entity,1,1,1,1,2,False,False,False,False,unresolved_exact_tie
16135,2,different_chains_same_polymer_entity,1,1,1,1,2,False,False,False,False,unresolved_exact_tie
16153,2,different_chains_same_polymer_entity,1,1,1,1,2,False,False,False,False,unresolved_exact_tie
16249,2,different_chains_same_polymer_entity,1,1,1,1,2,False,False,False,False,unresolved_exact_tie
16258,2,different_chains_same_polymer_entity,1,1,1,1,2,False,False,False,False,unresolved_exact_tie
16347,2,different_chains_same_polymer_entity,1,1,1,1,2,False,False,False,False,unresolved_exact_tie
16368,2,different_chains_same_polymer_entity,1,1,1,1,2,False,False,False,False,unresolved_exact_tie
16486,2,different_chains_same_polymer_entity,1,1,1,1,2,False,False,False,False,unresolved_exact_tie
16492,3,different_chains_same_polymer_entity,1,1,1,1,3,False,False,False,False,unresolved_exact_tie
16606,2,different_chains_same_polymer_entity,1,1,1,1,2,False,False,False,False,unresolved_exact_tie
16607,2,different_chains_same_polymer_entity,1,1,1,1,2,False,False,False,False,unresolved_exact_tie
16632,2,different_shift_lists,1,2,1,1,1,False,True,False,False,unresolved_exact_tie
16636,2,different_chains_same_polymer_entity,1,1,1,1,2,False,False,False,False,unresolved_exact_tie
16656,2,different_chains_same_polymer_entity,1,1,1,1,2,False,False,False,False,unresolved_exact_tie
16808,2,different_chains_same_polymer_entity,1,1,1,1,2,False,False,False,False,unresolved_exact_tie
16809,2,different_shift_lists,1,2,1,1,1,False,True,False,False,unresolved_exact_tie
16871,2,different_chains_same_polymer_entity,1,1,1,1,2,False,False,False,False,unresolved_exact_tie
16879,2,different_pdb_structures,1,1,2,2,2,False,False,True,False,unresolved_exact_tie
16961,2,different_chains_same_polymer_entity,1,1,1,1,2,False,False,False,False,unresolved_exact_tie
17025,2,different_chains_same_polymer_entity,1,1,1,1,2,False,False,False,False,unresolved_exact_tie
17026,2,different_chains_same_polymer_entity,1,1,1,1,2,False,False,False,False,unresolved_exact_tie
17031,2,different_pdb_structures,1,1,2,2,2,False,False,True,False,unresolved_exact_tie
17175,2,different_chains_same_polymer_entity,1,1,1,1,2,False,False,False,False,unresolved_exact_tie
17233,2,different_chains_same_polymer_entity,1,1,1,1,2,False,False,False,False,unresolved_exact_tie
17261,2,different_chains_same_polymer_entity,1,1,1,1,2,False,False,False,False,unresolved_exact_tie
17262,2,different_chains_same_polymer_entity,1,1,1,1,2,False,False,False,False,unresolved_exact_tie
17288,2,different_chains_same_polymer_entity,1,1,1,1,2,False,False,False,False,unresolved_exact_tie
17425,2,different_chains_same_polymer_entity,1,1,1,1,2,False,False,False,False,unresolved_exact_tie
17453,2,different_chains_same_polymer_entity,1,1,1,1,2,False,False,False,False,unresolved_exact_tie
17488,2,different_chains_same_polymer_entity,1,1,1,1,2,False,False,False,False,unresolved_exact_tie
17561,2,different_chains_same_polymer_entity,1,1,1,1,2,False,False,False,False,unresolved_exact_tie
17643,2,different_chains_same_polymer_entity,1,1,1,1,2,False,False,False,False,unresolved_exact_tie
17689,2,different_chains_same_polymer_entity,1,1,1,1,2,False,False,False,False,unresolved_exact_tie
17704,2,different_chains_same_polymer_entity,1,1,1,1,2,False,False,False,False,unresolved_exact_tie
17753,2,different_chains_same_polymer_entity,1,1,1,1,2,False,False,False,False,unresolved_exact_tie
17771,2,different_pdb_structures,1,1,2,2,2,False,False,True,False,unresolved_exact_tie
17772,2,different_chains_same_polymer_entity,1,1,1,1,2,False,False,False,False,unresolved_exact_tie
17775,2,different_chains_same_polymer_entity,1,1,1,1,2,False,False,False,False,unresolved_exact_tie
17776,2,different_chains_same_polymer_entity,1,1,1,1,2,False,False,False,False,unresolved_exact_tie
17832,2,different_chains_same_polymer_entity,1,1,1,1,2,False,False,False,False,unresolved_exact_tie
17856,2,different_chains_same_polymer_entity,1,1,1,1,2,False,False,False,False,unresolved_exact_tie
17857,2,different_chains_same_polymer_entity,1,1,1,1,2,False,False,False,False,unresolved_exact_tie
17892,2,different_chains_same_polymer_entity,1,1,1,1,2,False,False,False,False,unresolved_exact_tie
17893,2,different_chains_same_polymer_entity,1,1,1,1,2,False,False,False,False,unresolved_exact_tie
17894,2,different_chains_same_polymer_entity,1,1,1,1,2,False,False,False,False,unresolved_exact_tie
17968,2,different_chains_same_polymer_entity,1,1,1,1,2,False,False,False,False,unresolved_exact_tie
18003,4,different_shift_lists,1,2,1,1,2,False,True,False,False,unresolved_exact_tie
18087,2,different_chains_same_polymer_entity,1,1,1,1,2,False,False,False,False,unresolved_exact_tie
18088,2,different_chains_same_polymer_entity,1,1,1,1,2,False,False,False,False,unresolved_exact_tie
18089,2,different_chains_same_polymer_entity,1,1,1,1,2,False,False,False,False,unresolved_exact_tie
18125,4,different_chains_same_polymer_entity,1,1,1,1,4,False,False,False,False,unresolved_exact_tie
18132,2,different_chains_same_polymer_entity,1,1,1,1,2,False,False,False,False,unresolved_exact_tie
18169,4,different_shift_lists,1,2,1,1,2,False,True,False,False,unresolved_exact_tie
18178,2,different_chains_same_polymer_entity,1,1,1,1,2,False,False,False,False,unresolved_exact_tie
18186,2,different_chains_same_polymer_entity,1,1,1,1,2,False,False,False,False,unresolved_exact_tie
18193,2,different_shift_lists,1,2,1,1,1,False,True,False,False,unresolved_exact_tie
18230,2,different_chains_same_polymer_entity,1,1,1,1,2,False,False,False,False,unresolved_exact_tie
18231,2,different_chains_same_polymer_entity,1,1,1,1,2,False,False,False,False,unresolved_exact_tie
18237,3,different_chains_same_polymer_entity,1,1,1,1,3,False,False,False,False,unresolved_exact_tie
18263,2,different_pdb_structures,1,1,2,2,2,False,False,True,False,unresolved_exact_tie
18276,4,different_chains_same_polymer_entity,1,1,1,1,4,False,False,False,False,unresolved_exact_tie
18341,2,different_chains_same_polymer_entity,1,1,1,1,2,False,False,False,False,unresolved_exact_tie
18358,2,different_chains_same_polymer_entity,1,1,1,1,2,False,False,False,False,unresolved_exact_tie
18379,3,different_chains_same_polymer_entity,1,1,1,1,3,False,False,False,False,unresolved_exact_tie
18416,2,different_pdb_structures,1,1,2,2,2,False,False,True,False,unresolved_exact_tie
18425,2,different_chains_same_polymer_entity,1,1,1,1,2,False,False,False,False,unresolved_exact_tie
18469,2,different_chains_same_polymer_entity,1,1,1,1,2,False,False,False,False,unresolved_exact_tie
18480,2,different_chains_same_polymer_entity,1,1,1,1,2,False,False,False,False,unresolved_exact_tie
18493,2,different_chains_same_polymer_entity,1,1,1,1,2,False,False,False,False,unresolved_exact_tie
18496,2,different_chains_same_polymer_entity,1,1,1,1,2,False,False,False,False,unresolved_exact_tie
18545,2,different_chains_same_polymer_entity,1,1,1,1,2,False,False,False,False,unresolved_exact_tie
18583,2,different_chains_same_polymer_entity,1,1,1,1,2,False,False,False,False,unresolved_exact_tie
18584,2,different_chains_same_polymer_entity,1,1,1,1,2,False,False,False,False,unresolved_exact_tie
18591,2,different_chains_same_polymer_entity,1,1,1,1,2,False,False,False,False,unresolved_exact_tie
18614,2,different_chains_same_polymer_entity,1,1,1,1,2,False,False,False,False,unresolved_exact_tie
18632,2,different_shift_lists,1,2,1,1,1,False,True,False,False,unresolved_exact_tie
18670,2,different_chains_same_polymer_entity,1,1,1,1,2,False,False,False,False,unresolved_exact_tie
18753,2,different_chains_same_polymer_entity,1,1,1,1,2,False,False,False,False,unresolved_exact_tie
18763,2,different_chains_same_polymer_entity,1,1,1,1,2,False,False,False,False,unresolved_exact_tie
18771,9,different_chains_same_polymer_entity,1,1,1,1,9,False,False,False,False,unresolved_exact_tie
18782,2,different_chains_same_polymer_entity,1,1,1,1,2,False,False,False,False,unresolved_exact_tie
18804,2,different_chains_same_polymer_entity,1,1,1,1,2,False,False,False,False,unresolved_exact_tie
18811,2,different_chains_same_polymer_entity,1,1,1,1,2,False,False,False,False,unresolved_exact_tie
18818,2,different_chains_same_polymer_entity,1,1,1,1,2,False,False,False,False,unresolved_exact_tie
18856,2,different_chains_same_polymer_entity,1,1,1,1,2,False,False,False,False,unresolved_exact_tie
18868,2,different_chains_same_polymer_entity,1,1,1,1,2,False,False,False,False,unresolved_exact_tie
18869,2,different_chains_same_polymer_entity,1,1,1,1,2,False,False,False,False,unresolved_exact_tie
18871,2,different_chains_same_polymer_entity,1,1,1,1,2,False,False,False,False,unresolved_exact_tie
18888,2,different_chains_same_polymer_entity,1,1,1,1,2,False,False,False,False,unresolved_exact_tie
18935,2,different_pdb_structures,1,1,2,2,2,False,False,True,False,unresolved_exact_tie
18939,2,different_chains_same_polymer_entity,1,1,1,1,2,False,False,False,False,unresolved_exact_tie
18952,5,different_chains_same_polymer_entity,1,1,1,1,5,False,False,False,False,unresolved_exact_tie
18978,6,different_chains_same_polymer_entity,1,1,1,1,6,False,False,False,False,unresolved_exact_tie
19043,2,different_bmrb_entities,2,2,1,2,2,True,False,False,False,unresolved_exact_tie
19126,6,different_pdb_structures,1,1,2,2,6,False,False,True,False,unresolved_exact_tie
19162,6,different_chains_same_polymer_entity,1,1,1,1,6,False,False,False,False,unresolved_exact_tie
19215,3,different_chains_same_polymer_entity,1,1,1,1,3,False,False,False,False,unresolved_exact_tie
19235,2,different_chains_same_polymer_entity,1,1,1,1,2,False,False,False,False,unresolved_exact_tie
19261,2,different_chains_same_polymer_entity,1,1,1,1,2,False,False,False,False,unresolved_exact_tie
19293,2,different_chains_same_polymer_entity,1,1,1,1,2,False,False,False,False,unresolved_exact_tie
19298,2,different_chains_same_polymer_entity,1,1,1,1,2,False,False,False,False,unresolved_exact_tie
19340,2,different_chains_same_polymer_entity,1,1,1,1,2,False,False,False,False,unresolved_exact_tie
19362,4,different_shift_lists,1,2,1,1,2,False,True,False,False,unresolved_exact_tie
19363,2,different_chains_same_polymer_entity,1,1,1,1,2,False,False,False,False,unresolved_exact_tie
19390,2,different_chains_same_polymer_entity,1,1,1,1,2,False,False,False,False,unresolved_exact_tie
19482,2,different_chains_same_polymer_entity,1,1,1,1,2,False,False,False,False,unresolved_exact_tie
19541,5,different_chains_same_polymer_entity,1,1,1,1,5,False,False,False,False,unresolved_exact_tie
19544,2,different_chains_same_polymer_entity,1,1,1,1,2,False,False,False,False,unresolved_exact_tie
19546,2,different_chains_same_polymer_entity,1,1,1,1,2,False,False,False,False,unresolved_exact_tie
19547,2,different_chains_same_polymer_entity,1,1,1,1,2,False,False,False,False,unresolved_exact_tie
19548,2,different_chains_same_polymer_entity,1,1,1,1,2,False,False,False,False,unresolved_exact_tie
19549,2,different_chains_same_polymer_entity,1,1,1,1,2,False,False,False,False,unresolved_exact_tie
19579,2,different_chains_same_polymer_entity,1,1,1,1,2,False,False,False,False,unresolved_exact_tie
19585,2,different_chains_same_polymer_entity,1,1,1,1,2,False,False,False,False,unresolved_exact_tie
19601,2,different_chains_same_polymer_entity,1,1,1,1,2,False,False,False,False,unresolved_exact_tie
19614,2,different_chains_same_polymer_entity,1,1,1,1,2,False,False,False,False,unresolved_exact_tie
19628,2,different_chains_same_polymer_entity,1,1,1,1,2,False,False,False,False,unresolved_exact_tie
19632,2,different_chains_same_polymer_entity,1,1,1,1,2,False,False,False,False,unresolved_exact_tie
19713,2,different_chains_same_polymer_entity,1,1,1,1,2,False,False,False,False,unresolved_exact_tie
19739,2,different_chains_same_polymer_entity,1,1,1,1,2,False,False,False,False,unresolved_exact_tie
19741,2,different_chains_same_polymer_entity,1,1,1,1,2,False,False,False,False,unresolved_exact_tie
19779,2,different_chains_same_polymer_entity,1,1,1,1,2,False,False,False,False,unresolved_exact_tie
19850,2,different_shift_lists,1,2,1,1,1,False,True,False,False,unresolved_exact_tie
19869,2,different_chains_same_polymer_entity,1,1,1,1,2,False,False,False,False,unresolved_exact_tie
19880,3,different_shift_lists,1,3,1,1,1,False,True,False,False,unresolved_exact_tie
19984,2,different_pdb_structures,1,1,2,2,2,False,False,True,False,unresolved_exact_tie
19994,2,different_chains_same_polymer_entity,1,1,1,1,2,False,False,False,False,unresolved_exact_tie
25069,2,different_chains_same_polymer_entity,1,1,1,1,2,False,False,False,False,unresolved_exact_tie
25086,2,different_chains_same_polymer_entity,1,1,1,1,2,False,False,False,False,unresolved_exact_tie
25092,2,different_chains_same_polymer_entity,1,1,1,1,2,False,False,False,False,unresolved_exact_tie
25139,2,different_shift_lists,1,2,1,1,1,False,True,False,False,unresolved_exact_tie
25192,2,different_shift_lists,1,2,1,1,1,False,True,False,False,unresolved_exact_tie
25242,2,different_shift_lists,1,2,1,1,1,False,True,False,False,unresolved_exact_tie
25288,2,different_chains_same_polymer_entity,1,1,1,1,2,False,False,False,False,unresolved_exact_tie
25298,4,different_chains_same_polymer_entity,1,1,1,1,4,False,False,False,False,unresolved_exact_tie
25372,2,different_shift_lists,1,2,1,1,1,False,True,False,False,unresolved_exact_tie
25398,2,different_chains_same_polymer_entity,1,1,1,1,2,False,False,False,False,unresolved_exact_tie
25454,2,different_chains_same_polymer_entity,1,1,1,1,2,False,False,False,False,unresolved_exact_tie
25483,2,different_chains_same_polymer_entity,1,1,1,1,2,False,False,False,False,unresolved_exact_tie
25485,2,different_pdb_structures,1,1,2,2,2,False,False,True,False,unresolved_exact_tie
25527,2,different_chains_same_polymer_entity,1,1,1,1,2,False,False,False,False,unresolved_exact_tie
25545,2,different_bmrb_entities,2,2,1,2,2,True,False,False,False,unresolved_exact_tie
25593,2,different_chains_same_polymer_entity,1,1,1,1,2,False,False,False,False,unresolved_exact_tie
25645,2,different_chains_same_polymer_entity,1,1,1,1,2,False,False,False,False,unresolved_exact_tie
25693,2,different_chains_same_polymer_entity,1,1,1,1,2,False,False,False,False,unresolved_exact_tie
25710,2,different_chains_same_polymer_entity,1,1,1,1,2,False,False,False,False,unresolved_exact_tie
25731,2,different_chains_same_polymer_entity,1,1,1,1,2,False,False,False,False,unresolved_exact_tie
25750,3,different_chains_same_polymer_entity,1,1,1,1,3,False,False,False,False,unresolved_exact_tie
25793,2,different_chains_same_polymer_entity,1,1,1,1,2,False,False,False,False,unresolved_exact_tie
25883,2,different_chains_same_polymer_entity,1,1,1,1,2,False,False,False,False,unresolved_exact_tie
25899,2,different_chains_same_polymer_entity,1,1,1,1,2,False,False,False,False,unresolved_exact_tie
25958,2,different_chains_same_polymer_entity,1,1,1,1,2,False,False,False,False,unresolved_exact_tie
26068,2,different_chains_same_polymer_entity,1,1,1,1,2,False,False,False,False,unresolved_exact_tie
26821,4,different_chains_same_polymer_entity,1,1,1,1,4,False,False,False,False,unresolved_exact_tie
27211,12,different_chains_same_polymer_entity,1,1,1,1,12,False,False,False,False,unresolved_exact_tie
27239,2,different_chains_same_polymer_entity,1,1,1,1,2,False,False,False,False,unresolved_exact_tie
27242,2,different_chains_same_polymer_entity,1,1,1,1,2,False,False,False,False,unresolved_exact_tie
27284,2,different_pdb_structures,1,1,2,2,2,False,False,True,False,unresolved_exact_tie
27313,2,different_pdb_structures,1,1,2,2,2,False,False,True,False,unresolved_exact_tie
27432,2,different_chains_same_polymer_entity,1,1,1,1,2,False,False,False,False,unresolved_exact_tie
27468,12,different_chains_same_polymer_entity,1,1,1,1,12,False,False,False,False,unresolved_exact_tie
27893,2,different_chains_same_polymer_entity,1,1,1,1,2,False,False,False,False,unresolved_exact_tie
28042,2,different_pdb_structures,1,1,2,2,2,False,False,True,False,unresolved_exact_tie
30005,2,different_chains_same_polymer_entity,1,1,1,1,2,False,False,False,False,unresolved_exact_tie
30017,2,different_chains_same_polymer_entity,1,1,1,1,2,False,False,False,False,unresolved_exact_tie
30021,5,different_chains_same_polymer_entity,1,1,1,1,5,False,False,False,False,unresolved_exact_tie
30074,2,different_chains_same_polymer_entity,1,1,1,1,2,False,False,False,False,unresolved_exact_tie
30081,8,different_shift_lists,1,2,1,1,4,False,True,False,False,unresolved_exact_tie
30082,8,different_shift_lists,1,2,1,1,4,False,True,False,False,unresolved_exact_tie
30083,8,different_shift_lists,1,2,1,1,4,False,True,False,False,unresolved_exact_tie
30084,8,different_shift_lists,1,2,1,1,4,False,True,False,False,unresolved_exact_tie
30085,8,different_shift_lists,1,2,1,1,4,False,True,False,False,unresolved_exact_tie
30086,8,different_shift_lists,1,2,1,1,4,False,True,False,False,unresolved_exact_tie
30094,2,different_chains_same_polymer_entity,1,1,1,1,2,False,False,False,False,unresolved_exact_tie
30192,2,different_chains_same_polymer_entity,1,1,1,1,2,False,False,False,False,unresolved_exact_tie
30194,4,different_chains_same_polymer_entity,1,1,1,1,4,False,False,False,False,unresolved_exact_tie
30234,2,different_shift_lists,1,2,1,1,1,False,True,False,False,unresolved_exact_tie
30245,2,different_chains_same_polymer_entity,1,1,1,1,2,False,False,False,False,unresolved_exact_tie
30295,2,different_chains_same_polymer_entity,1,1,1,1,2,False,False,False,False,unresolved_exact_tie
30308,2,different_pdb_structures,1,1,2,2,2,False,False,True,False,unresolved_exact_tie
30345,2,different_bmrb_entities,2,2,1,2,2,True,False,False,False,unresolved_exact_tie
30353,2,different_shift_lists,1,2,1,1,1,False,True,False,False,unresolved_exact_tie
30374,2,different_chains_same_polymer_entity,1,1,1,1,2,False,False,False,False,unresolved_exact_tie
30375,3,different_pdb_structures,1,1,3,3,3,False,False,True,False,unresolved_exact_tie
30404,4,different_pdb_structures,1,1,4,4,4,False,False,True,False,unresolved_exact_tie
30456,2,different_chains_same_polymer_entity,1,1,1,1,2,False,False,False,False,unresolved_exact_tie
30478,2,different_pdb_structures,1,1,2,2,2,False,False,True,False,unresolved_exact_tie
30493,2,different_chains_same_polymer_entity,1,1,1,1,2,False,False,False,False,unresolved_exact_tie
30503,6,different_pdb_structures,1,1,2,2,6,False,False,True,False,unresolved_exact_tie
30543,4,different_shift_lists,1,2,1,1,2,False,True,False,False,unresolved_exact_tie
30573,3,different_chains_same_polymer_entity,1,1,1,1,3,False,False,False,False,unresolved_exact_tie
30574,3,different_chains_same_polymer_entity,1,1,1,1,3,False,False,False,False,unresolved_exact_tie
30602,2,different_bmrb_entities,2,2,1,2,2,True,False,False,False,unresolved_exact_tie
30661,2,different_chains_same_polymer_entity,1,1,1,1,2,False,False,False,False,unresolved_exact_tie
30662,2,different_chains_same_polymer_entity,1,1,1,1,2,False,False,False,False,unresolved_exact_tie
30663,2,different_chains_same_polymer_entity,1,1,1,1,2,False,False,False,False,unresolved_exact_tie
30664,2,different_chains_same_polymer_entity,1,1,1,1,2,False,False,False,False,unresolved_exact_tie
30677,2,different_chains_same_polymer_entity,1,1,1,1,2,False,False,False,False,unresolved_exact_tie
30678,3,different_chains_same_polymer_entity,1,1,1,1,3,False,False,False,False,unresolved_exact_tie
30696,2,different_chains_same_polymer_entity,1,1,1,1,2,False,False,False,False,unresolved_exact_tie
30737,2,different_chains_same_polymer_entity,1,1,1,1,2,False,False,False,False,unresolved_exact_tie
30768,2,different_chains_same_polymer_entity,1,1,1,1,2,False,False,False,False,unresolved_exact_tie
30855,3,different_chains_same_polymer_entity,1,1,1,1,3,False,False,False,False,unresolved_exact_tie
30856,3,different_chains_same_polymer_entity,1,1,1,1,3,False,False,False,False,unresolved_exact_tie
30874,2,different_shift_lists,1,2,1,1,1,False,True,False,False,unresolved_exact_tie
30929,6,different_chains_same_polymer_entity,1,1,1,1,6,False,False,False,False,unresolved_exact_tie
30930,6,different_chains_same_polymer_entity,1,1,1,1,6,False,False,False,False,unresolved_exact_tie
30939,5,different_chains_same_polymer_entity,1,1,1,1,5,False,False,False,False,unresolved_exact_tie
30974,2,different_chains_same_polymer_entity,1,1,1,1,2,False,False,False,False,unresolved_exact_tie
31007,2,different_chains_same_polymer_entity,1,1,1,1,2,False,False,False,False,unresolved_exact_tie
31034,3,different_chains_same_polymer_entity,1,1,1,1,3,False,False,False,False,unresolved_exact_tie
31058,5,different_chains_same_polymer_entity,1,1,1,1,5,False,False,False,False,unresolved_exact_tie
34037,2,different_chains_same_polymer_entity,1,1,1,1,2,False,False,False,False,unresolved_exact_tie
34040,2,different_chains_same_polymer_entity,1,1,1,1,2,False,False,False,False,unresolved_exact_tie
34049,2,different_chains_same_polymer_entity,1,1,1,1,2,False,False,False,False,unresolved_exact_tie
34093,2,different_shift_lists,1,2,1,1,1,False,True,False,False,unresolved_exact_tie
34102,2,different_chains_same_polymer_entity,1,1,1,1,2,False,False,False,False,unresolved_exact_tie
34105,2,different_shift_lists,1,2,1,1,1,False,True,False,False,unresolved_exact_tie
34108,3,different_shift_lists,1,3,1,1,1,False,True,False,False,unresolved_exact_tie
34115,2,different_chains_same_polymer_entity,1,1,1,1,2,False,False,False,False,unresolved_exact_tie
34120,2,different_chains_same_polymer_entity,1,1,1,1,2,False,False,False,False,unresolved_exact_tie
34122,2,different_chains_same_polymer_entity,1,1,1,1,2,False,False,False,False,unresolved_exact_tie
34154,2,different_chains_same_polymer_entity,1,1,1,1,2,False,False,False,False,unresolved_exact_tie
34160,2,different_chains_same_polymer_entity,1,1,1,1,2,False,False,False,False,unresolved_exact_tie
34163,2,different_chains_same_polymer_entity,1,1,1,1,2,False,False,False,False,unresolved_exact_tie
34164,2,different_chains_same_polymer_entity,1,1,1,1,2,False,False,False,False,unresolved_exact_tie
34178,5,different_chains_same_polymer_entity,1,1,1,1,5,False,False,False,False,unresolved_exact_tie
34188,2,different_bmrb_entities,2,2,1,2,2,True,False,False,False,unresolved_exact_tie
34290,2,different_pdb_structures,1,1,2,2,2,False,False,True,False,unresolved_exact_tie
34334,2,different_chains_same_polymer_entity,1,1,1,1,2,False,False,False,False,unresolved_exact_tie
34446,2,different_chains_same_polymer_entity,1,1,1,1,2,False,False,False,False,unresolved_exact_tie
34447,2,different_chains_same_polymer_entity,1,1,1,1,2,False,False,False,False,unresolved_exact_tie
34448,2,different_chains_same_polymer_entity,1,1,1,1,2,False,False,False,False,unresolved_exact_tie
34457,2,different_pdb_structures,1,1,2,2,2,False,False,True,False,unresolved_exact_tie
34473,2,different_chains_same_polymer_entity,1,1,1,1,2,False,False,False,False,unresolved_exact_tie
34475,2,different_chains_same_polymer_entity,1,1,1,1,2,False,False,False,False,unresolved_exact_tie
34487,3,different_pdb_structures,1,1,3,3,3,False,False,True,False,unresolved_exact_tie
34494,2,different_chains_same_polymer_entity,1,1,1,1,2,False,False,False,False,unresolved_exact_tie
34495,2,different_chains_same_polymer_entity,1,1,1,1,2,False,False,False,False,unresolved_exact_tie
34511,2,different_pdb_structures,1,1,2,2,2,False,False,True,False,unresolved_exact_tie
34515,2,different_chains_same_polymer_entity,1,1,1,1,2,False,False,False,False,unresolved_exact_tie
34551,2,different_chains_same_polymer_entity,1,1,1,1,2,False,False,False,False,unresolved_exact_tie
34629,2,different_chains_same_polymer_entity,1,1,1,1,2,False,False,False,False,unresolved_exact_tie
34698,2,different_chains_same_polymer_entity,1,1,1,1,2,False,False,False,False,unresolved_exact_tie
34709,2,different_chains_same_polymer_entity,1,1,1,1,2,False,False,False,False,unresolved_exact_tie
34719,2,different_chains_same_polymer_entity,1,1,1,1,2,False,False,False,False,unresolved_exact_tie
34785,3,different_pdb_structures,1,1,3,3,3,False,False,True,False,unresolved_exact_tie
34813,3,different_chains_same_polymer_entity,1,1,1,1,3,False,False,False,False,unresolved_exact_tie
34814,2,different_chains_same_polymer_entity,1,1,1,1,2,False,False,False,False,unresolved_exact_tie
36045,2,different_chains_same_polymer_entity,1,1,1,1,2,False,False,False,False,unresolved_exact_tie
36049,5,different_chains_same_polymer_entity,1,1,1,1,5,False,False,False,False,unresolved_exact_tie
36064,2,different_bmrb_entities,2,2,1,2,2,True,False,False,False,unresolved_exact_tie
36294,2,different_chains_same_polymer_entity,1,1,1,1,2,False,False,False,False,unresolved_exact_tie
36312,2,different_chains_same_polymer_entity,1,1,1,1,2,False,False,False,False,unresolved_exact_tie
36395,2,different_chains_same_polymer_entity,1,1,1,1,2,False,False,False,False,unresolved_exact_tie
36527,2,different_chains_same_polymer_entity,1,1,1,1,2,False,False,False,False,unresolved_exact_tie
36528,2,different_chains_same_polymer_entity,1,1,1,1,2,False,False,False,False,unresolved_exact_tie
36582,2,different_chains_same_polymer_entity,1,1,1,1,2,False,False,False,False,unresolved_exact_tie
36671,2,different_chains_same_polymer_entity,1,1,1,1,2,False,False,False,False,unresolved_exact_tie
4430,4,different_pdb_structures,1,1,2,2,4,False,False,True,False,unresolved_exact_tie
4590,2,different_pdb_structures,1,1,2,2,2,False,False,True,False,unresolved_exact_tie
4679,2,different_pdb_structures,1,1,2,2,2,False,False,True,False,unresolved_exact_tie
4682,2,different_shift_lists,1,2,1,1,1,False,True,False,False,unresolved_exact_tie
4900,2,different_pdb_structures,1,1,2,2,2,False,False,True,False,unresolved_exact_tie
4906,2,different_chains_same_polymer_entity,1,1,1,1,2,False,False,False,False,unresolved_exact_tie
4911,2,different_chains_same_polymer_entity,1,1,1,1,2,False,False,False,False,unresolved_exact_tie
4912,2,different_chains_same_polymer_entity,1,1,1,1,2,False,False,False,False,unresolved_exact_tie
4929,2,different_chains_same_polymer_entity,1,1,1,1,2,False,False,False,False,unresolved_exact_tie
4935,2,different_pdb_structures,1,1,2,2,2,False,False,True,False,unresolved_exact_tie
4954,4,different_pdb_structures,1,1,2,2,4,False,False,True,False,unresolved_exact_tie
50007,2,different_pdb_structures,1,1,2,2,2,False,False,True,False,unresolved_exact_tie
5022,2,different_chains_same_polymer_entity,1,1,1,1,2,False,False,False,False,unresolved_exact_tie
5031,2,different_pdb_structures,1,1,2,2,2,False,False,True,False,unresolved_exact_tie
5041,2,different_pdb_structures,1,1,2,2,2,False,False,True,False,unresolved_exact_tie
5042,2,different_pdb_structures,1,1,2,2,2,False,False,True,False,unresolved_exact_tie
5049,2,different_pdb_structures,1,1,2,2,2,False,False,True,False,unresolved_exact_tie
5078,2,different_pdb_structures,1,1,2,2,2,False,False,True,False,unresolved_exact_tie
5101,2,different_chains_same_polymer_entity,1,1,1,1,2,False,False,False,False,unresolved_exact_tie
5129,2,different_pdb_structures,1,1,2,2,2,False,False,True,False,unresolved_exact_tie
5141,2,different_pdb_structures,1,1,2,2,2,False,False,True,False,unresolved_exact_tie
51520,2,different_chains_same_polymer_entity,1,1,1,1,2,False,False,False,False,unresolved_exact_tie
5172,2,different_pdb_structures,1,1,2,2,2,False,False,True,False,unresolved_exact_tie
51723,14,different_shift_lists,1,7,1,1,2,False,True,False,False,unresolved_exact_tie
51799,3,different_pdb_structures,1,1,3,3,3,False,False,True,False,unresolved_exact_tie
5181,2,different_pdb_structures,1,1,2,2,2,False,False,True,False,unresolved_exact_tie
5185,2,different_chains_same_polymer_entity,1,1,1,1,2,False,False,False,False,unresolved_exact_tie
5189,2,different_chains_same_polymer_entity,1,1,1,1,2,False,False,False,False,unresolved_exact_tie
5203,2,different_pdb_structures,1,1,2,2,2,False,False,True,False,unresolved_exact_tie
5206,2,different_chains_same_polymer_entity,1,1,1,1,2,False,False,False,False,unresolved_exact_tie
52075,2,different_chains_same_polymer_entity,1,1,1,1,2,False,False,False,False,unresolved_exact_tie
5208,2,different_pdb_structures,1,1,2,2,2,False,False,True,False,unresolved_exact_tie
5209,2,different_pdb_structures,1,1,2,2,2,False,False,True,False,unresolved_exact_tie
5225,2,different_pdb_structures,1,1,2,2,2,False,False,True,False,unresolved_exact_tie
5238,2,different_pdb_structures,1,1,2,2,2,False,False,True,False,unresolved_exact_tie
5261,2,different_pdb_structures,1,1,2,2,2,False,False,True,False,unresolved_exact_tie
52953,2,different_chains_same_polymer_entity,1,1,1,1,2,False,False,False,False,unresolved_exact_tie
5297,2,different_pdb_structures,1,1,2,2,2,False,False,True,False,unresolved_exact_tie
5303,3,different_pdb_structures,1,1,3,3,3,False,False,True,False,unresolved_exact_tie
5304,2,different_pdb_structures,1,1,2,2,2,False,False,True,False,unresolved_exact_tie
5319,2,different_pdb_structures,1,1,2,2,2,False,False,True,False,unresolved_exact_tie
5345,4,different_shift_lists,1,2,1,1,2,False,True,False,False,unresolved_exact_tie
5365,2,different_pdb_structures,1,1,2,2,2,False,False,True,False,unresolved_exact_tie
5377,4,different_pdb_structures,1,1,2,2,4,False,False,True,False,unresolved_exact_tie
5387,3,different_pdb_structures,1,1,3,3,3,False,False,True,False,unresolved_exact_tie
5390,2,different_chains_same_polymer_entity,1,1,1,1,2,False,False,False,False,unresolved_exact_tie
5392,2,different_pdb_structures,1,1,2,2,2,False,False,True,False,unresolved_exact_tie
5403,5,different_pdb_structures,1,1,3,3,5,False,False,True,False,unresolved_exact_tie
5461,8,different_shift_lists,1,2,4,4,4,False,True,True,False,unresolved_exact_tie
5465,2,different_pdb_structures,1,1,2,2,2,False,False,True,False,unresolved_exact_tie
5472,2,different_pdb_structures,1,1,2,2,2,False,False,True,False,unresolved_exact_tie
5473,2,different_pdb_structures,1,1,2,2,2,False,False,True,False,unresolved_exact_tie
5511,4,different_chains_same_polymer_entity,1,1,1,1,4,False,False,False,False,unresolved_exact_tie
5532,2,different_pdb_structures,1,1,2,2,2,False,False,True,False,unresolved_exact_tie
5544,4,different_pdb_structures,1,1,2,2,4,False,False,True,False,unresolved_exact_tie
5557,2,different_pdb_structures,1,1,2,2,2,False,False,True,False,unresolved_exact_tie
5567,2,different_chains_same_polymer_entity,1,1,1,1,2,False,False,False,False,unresolved_exact_tie
5604,2,different_pdb_structures,1,1,2,2,2,False,False,True,False,unresolved_exact_tie
5621,2,different_chains_same_polymer_entity,1,1,1,1,2,False,False,False,False,unresolved_exact_tie
5654,4,different_chains_same_polymer_entity,1,1,1,1,4,False,False,False,False,unresolved_exact_tie
5688,8,different_shift_lists,1,4,2,2,2,False,True,True,False,unresolved_exact_tie
5689,2,different_pdb_structures,1,1,2,2,2,False,False,True,False,unresolved_exact_tie
5720,2,different_chains_same_polymer_entity,1,1,1,1,2,False,False,False,False,unresolved_exact_tie
5746,2,different_chains_same_polymer_entity,1,1,1,1,2,False,False,False,False,unresolved_exact_tie
5753,2,different_chains_same_polymer_entity,1,1,1,1,2,False,False,False,False,unresolved_exact_tie
5769,2,different_pdb_structures,1,1,2,2,2,False,False,True,False,unresolved_exact_tie
5771,3,different_pdb_structures,1,1,2,2,3,False,False,True,False,unresolved_exact_tie
5791,2,different_chains_same_polymer_entity,1,1,1,1,2,False,False,False,False,unresolved_exact_tie
5824,4,different_pdb_structures,1,1,2,2,4,False,False,True,False,unresolved_exact_tie
5842,2,different_pdb_structures,1,1,2,2,2,False,False,True,False,unresolved_exact_tie
5843,2,different_chains_same_polymer_entity,1,1,1,1,2,False,False,False,False,unresolved_exact_tie
5844,2,different_pdb_structures,1,1,2,2,2,False,False,True,False,unresolved_exact_tie
5845,2,different_pdb_structures,1,1,2,2,2,False,False,True,False,unresolved_exact_tie
5873,2,different_pdb_structures,1,1,2,2,2,False,False,True,False,unresolved_exact_tie
5882,3,different_chains_same_polymer_entity,1,1,1,1,3,False,False,False,False,unresolved_exact_tie
5891,2,different_chains_same_polymer_entity,1,1,1,1,2,False,False,False,False,unresolved_exact_tie
5892,2,different_chains_same_polymer_entity,1,1,1,1,2,False,False,False,False,unresolved_exact_tie
5905,4,different_pdb_structures,1,1,4,4,4,False,False,True,False,unresolved_exact_tie
5908,4,different_pdb_structures,1,1,4,4,4,False,False,True,False,unresolved_exact_tie
5909,2,different_chains_same_polymer_entity,1,1,1,1,2,False,False,False,False,unresolved_exact_tie
5910,2,different_chains_same_polymer_entity,1,1,1,1,2,False,False,False,False,unresolved_exact_tie
5928,2,different_pdb_structures,1,1,2,2,2,False,False,True,False,unresolved_exact_tie
5929,2,different_pdb_structures,1,1,2,2,2,False,False,True,False,unresolved_exact_tie
5933,2,different_chains_same_polymer_entity,1,1,1,1,2,False,False,False,False,unresolved_exact_tie
5935,2,different_chains_same_polymer_entity,1,1,1,1,2,False,False,False,False,unresolved_exact_tie
5956,2,different_chains_same_polymer_entity,1,1,1,1,2,False,False,False,False,unresolved_exact_tie
5961,2,different_pdb_structures,1,1,2,2,2,False,False,True,False,unresolved_exact_tie
5975,4,different_shift_lists,1,2,2,2,2,False,True,True,False,unresolved_exact_tie
6011,2,different_chains_same_polymer_entity,1,1,1,1,2,False,False,False,False,unresolved_exact_tie
6029,3,different_pdb_structures,1,1,3,3,3,False,False,True,False,unresolved_exact_tie
6075,2,different_pdb_structures,1,1,2,2,2,False,False,True,False,unresolved_exact_tie
6111,2,different_shift_lists,1,2,1,1,1,False,True,False,False,unresolved_exact_tie
6190,2,different_pdb_structures,1,1,2,2,2,False,False,True,False,unresolved_exact_tie
6201,2,different_shift_lists,1,2,1,1,1,False,True,False,False,unresolved_exact_tie
6233,3,different_pdb_structures,1,1,3,3,3,False,False,True,False,unresolved_exact_tie
6298,2,different_pdb_structures,1,1,2,2,2,False,False,True,False,unresolved_exact_tie
6317,2,different_chains_same_polymer_entity,1,1,1,1,2,False,False,False,False,unresolved_exact_tie
6324,2,different_chains_same_polymer_entity,1,1,1,1,2,False,False,False,False,unresolved_exact_tie
6331,2,different_pdb_structures,1,1,2,2,2,False,False,True,False,unresolved_exact_tie
6342,2,different_chains_same_polymer_entity,1,1,1,1,2,False,False,False,False,unresolved_exact_tie
6362,2,different_pdb_structures,1,1,2,2,2,False,False,True,False,unresolved_exact_tie
6395,4,different_shift_lists,1,2,2,2,2,False,True,True,False,unresolved_exact_tie
6396,2,different_chains_same_polymer_entity,1,1,1,1,2,False,False,False,False,unresolved_exact_tie
6410,2,different_pdb_structures,1,1,2,2,2,False,False,True,False,unresolved_exact_tie
6444,2,different_pdb_structures,1,1,2,2,2,False,False,True,False,unresolved_exact_tie
6475,2,different_pdb_structures,1,1,2,2,2,False,False,True,False,unresolved_exact_tie
6478,2,different_chains_same_polymer_entity,1,1,1,1,2,False,False,False,False,unresolved_exact_tie
6484,2,different_chains_same_polymer_entity,1,1,1,1,2,False,False,False,False,unresolved_exact_tie
6508,2,different_pdb_structures,1,1,2,2,2,False,False,True,False,unresolved_exact_tie
6516,2,different_pdb_structures,1,1,2,2,2,False,False,True,False,unresolved_exact_tie
6519,2,different_pdb_structures,1,1,2,2,2,False,False,True,False,unresolved_exact_tie
6527,2,different_chains_same_polymer_entity,1,1,1,1,2,False,False,False,False,unresolved_exact_tie
6531,4,different_pdb_structures,1,1,2,2,4,False,False,True,False,unresolved_exact_tie
6532,4,different_pdb_structures,1,1,2,2,4,False,False,True,False,unresolved_exact_tie
6551,3,different_pdb_structures,1,1,2,2,3,False,False,True,False,unresolved_exact_tie
6581,2,different_pdb_structures,1,1,2,2,2,False,False,True,False,unresolved_exact_tie
6625,3,different_pdb_structures,1,1,3,3,3,False,False,True,False,unresolved_exact_tie
6726,3,different_pdb_structures,1,1,3,3,3,False,False,True,False,unresolved_exact_tie
6743,4,different_pdb_structures,1,1,2,2,4,False,False,True,False,unresolved_exact_tie
6751,2,different_pdb_structures,1,1,2,2,2,False,False,True,False,unresolved_exact_tie
6762,2,different_shift_lists,1,2,1,1,1,False,True,False,False,unresolved_exact_tie
6781,2,different_pdb_structures,1,1,2,2,2,False,False,True,False,unresolved_exact_tie
6790,2,different_pdb_structures,1,1,2,2,2,False,False,True,False,unresolved_exact_tie
6809,2,different_pdb_structures,1,1,2,2,2,False,False,True,False,unresolved_exact_tie
6821,2,different_chains_same_polymer_entity,1,1,1,1,2,False,False,False,False,unresolved_exact_tie
6822,2,different_chains_same_polymer_entity,1,1,1,1,2,False,False,False,False,unresolved_exact_tie
6826,2,different_chains_same_polymer_entity,1,1,1,1,2,False,False,False,False,unresolved_exact_tie
6860,2,different_chains_same_polymer_entity,1,1,1,1,2,False,False,False,False,unresolved_exact_tie
6868,2,different_chains_same_polymer_entity,1,1,1,1,2,False,False,False,False,unresolved_exact_tie
6888,2,different_pdb_structures,1,1,2,2,2,False,False,True,False,unresolved_exact_tie
6916,3,different_pdb_structures,1,1,2,2,3,False,False,True,False,unresolved_exact_tie
6925,2,different_chains_same_polymer_entity,1,1,1,1,2,False,False,False,False,unresolved_exact_tie
6957,2,different_chains_same_polymer_entity,1,1,1,1,2,False,False,False,False,unresolved_exact_tie
6969,3,different_chains_same_polymer_entity,1,1,1,1,3,False,False,False,False,unresolved_exact_tie
6997,2,different_chains_same_polymer_entity,1,1,1,1,2,False,False,False,False,unresolved_exact_tie
6999,2,different_chains_same_polymer_entity,1,1,1,1,2,False,False,False,False,unresolved_exact_tie
7019,2,different_pdb_structures,1,1,2,2,2,False,False,True,False,unresolved_exact_tie
7101,2,different_chains_same_polymer_entity,1,1,1,1,2,False,False,False,False,unresolved_exact_tie
7102,2,different_chains_same_polymer_entity,1,1,1,1,2,False,False,False,False,unresolved_exact_tie
7106,2,different_pdb_structures,1,1,2,2,2,False,False,True,False,unresolved_exact_tie
7125,2,different_chains_same_polymer_entity,1,1,1,1,2,False,False,False,False,unresolved_exact_tie
7127,2,different_pdb_structures,1,1,2,2,2,False,False,True,False,unresolved_exact_tie
7150,2,different_pdb_structures,1,1,2,2,2,False,False,True,False,unresolved_exact_tie
7205,2,different_chains_same_polymer_entity,1,1,1,1,2,False,False,False,False,unresolved_exact_tie
7285,2,different_pdb_structures,1,1,2,2,2,False,False,True,False,unresolved_exact_tie
7288,2,different_chains_same_polymer_entity,1,1,1,1,2,False,False,False,False,unresolved_exact_tie
7315,2,different_pdb_structures,1,1,2,2,2,False,False,True,False,unresolved_exact_tie
7350,2,different_chains_same_polymer_entity,1,1,1,1,2,False,False,False,False,unresolved_exact_tie
7354,2,different_chains_same_polymer_entity,1,1,1,1,2,False,False,False,False,unresolved_exact_tie
7362,2,different_chains_same_polymer_entity,1,1,1,1,2,False,False,False,False,unresolved_exact_tie
7376,2,different_chains_same_polymer_entity,1,1,1,1,2,False,False,False,False,unresolved_exact_tie
