selection_rank,bmrb_id,pdb_id,chain_id,n_targets,h_mae_ppm,h_rmse_ppm,n_mae_ppm,n_rmse_ppm,h_mean_signed_residual_ppm,n_mean_signed_residual_ppm,h_median_signed_residual_ppm,n_median_signed_residual_ppm,h_entry_wide_residual_flag,n_entry_wide_residual_flag,any_entry_wide_residual_flag,combined_standardized_mae
6,4700,1CF4,A,165,0.5657736103030303,0.7069809143217007,4.21031850909091,5.468063425296333,-0.0186081424242424,-2.4447121575757573,-0.0548260000000002,-2.1753460000000047,False,False,False,2.6862801562281495
39,4825,1M58,A,99,0.5507801282828282,0.6858688362278377,4.026073414141415,5.056150468017071,-0.0554770494949494,-1.2584189696969683,-0.0243950000000001,-1.731499999999997,False,False,False,2.5895040972203303
25,4751,1IVM,A,127,0.5593333496062992,0.7017730198485747,3.726967842519687,4.705648051418383,-0.0795943023622047,-1.269201133858268,-0.0658265,-1.5384050000000116,False,False,False,2.502383577214671
18,4668,1IX5,A,144,0.5812069152777778,0.762903220752718,3.373802506944445,4.386964459885565,0.114331325,0.1061573958333336,0.1286638,0.0229599999999976,False,False,False,2.424569087243616
4,4553,1DGQ,A,179,0.6149499810055866,0.8057262284828102,3.161763,4.078705980617433,-0.1557831117318435,0.4887509776536313,-0.1730942999999998,0.1252700000000004,False,False,False,2.421701045891419
32,4697,1D1N,A,99,0.5091638585858587,0.6857931741464983,3.784764676767677,4.601684072793523,0.0022743636363636,1.6287418484848488,0.0893300000000003,1.8204159999999945,False,False,False,2.415990977273484
7,4797,1KD6,A,164,0.504282662804878,0.6406906367473275,3.658822676829269,4.443097796486511,0.0342994457317073,-1.346801042682927,0.0801205000000013,-1.672149999999995,False,False,False,2.3612596797090273
20,4706,1CX1,A,138,0.5569470188405798,0.7329977143218406,3.3366904057971016,4.226322396168833,-0.0466244710144927,1.202889956521739,-0.0223905000000002,1.3524299999999982,False,False,False,2.3598846450643425
30,4452,2AFP,A,117,0.5732372076923077,0.8149838029821074,3.1485360769230764,4.060485574506146,-0.0479043735042735,-0.5390656837606849,0.0577649999999998,-0.3419700000000034,False,False,False,2.328293097093197
13,4577,1C05,A,150,0.5432428806666666,0.7069603179852397,3.0444312533333338,4.028538305030842,-0.0943439713333332,-0.9233262266666664,-0.01950925,-0.9396525000000012,False,False,False,2.227818751992808
2,4648,1FZT,A,188,0.5533531691489361,0.7415222453151934,2.9181203244680844,3.7710524710957056,-0.1400522936170213,-1.0455991436170209,-0.1252539999999999,-0.9906149999999982,False,False,False,2.2048543249048382
17,4417,1B6F,A,146,0.5342952808219179,0.6639555702697402,2.9902925136986296,3.7756198060796455,0.0252734164383561,0.4836499383561642,0.0977454999999993,0.460842999999997,False,False,False,2.1897183690235265
12,4497,7HSC,A,151,0.442416821192053,0.591630512670645,3.2583215695364247,4.396557980081303,0.0638111695364238,0.9163251324503312,0.0846090000000003,0.8913200000000074,False,False,False,2.0886087128165642
11,4386,1EZY,A,126,0.5569753769841269,0.6956756100713918,2.478711325396826,3.36201891472652,-0.1449180198412699,-0.8743610873015869,-0.1668830000000003,-0.6539524999999955,False,False,False,2.057839671539878
36,4779,1PLO,A,104,0.4121086163461539,0.5350646008943499,3.353732144230769,4.376058615485357,0.0406885778846154,-0.310083144230769,0.0179620000000007,-0.1372999999999962,False,False,False,2.057718443370946
19,4664,1JZU,A,138,0.4831759304347824,0.6471714225047168,2.8920391739130427,3.727915938277195,-0.0912864217391304,0.1327375507246369,-0.1111235000000006,0.3899100000000004,False,False,False,2.0463575473283733
35,4528,1DC8,A,106,0.4881626452830188,0.6431234959984263,2.841283886792454,3.701738295933096,0.017732196226415,-0.4384752264150949,-0.0211055,-0.6108319999999949,False,False,False,2.039095998948327
40,4566,1L6U,A,85,0.5150347494117649,0.6551186335282851,2.638775717647058,3.1320073323067423,-0.0262656129411765,-0.6657149411764712,-0.0200460000000006,-0.7517600000000044,False,False,False,2.024964995222902
24,4791,1JR6,A,130,0.4707053838461538,0.6614022559529743,2.899591346153846,3.738266357485557,-0.1838826253846152,-0.8156468846153853,-0.1749499999999995,-0.7645649999999975,False,False,False,2.0224836850579746
34,4574,1D4B,A,107,0.4645571242990652,0.6318540934390254,2.933013495327103,3.748147166566568,-0.1519468233644859,-1.7261321121495323,-0.1634219999999988,-1.59863399999999,False,False,False,2.0211706441512467
15,4735,1JYT,A,150,0.4570333153333333,0.57691907851238,2.9745416933333324,3.8304958351389526,0.0221773926666666,0.1869341599999996,0.0312469999999995,0.421999999999997,False,False,False,2.019785144900609
8,4447,1H6Q,A,161,0.4753760770186336,0.6431443245869917,2.843321906832298,3.821014679920563,-0.0042144881987579,-0.9723994472049694,-0.0207779999999999,-0.7395599999999973,False,False,False,2.0126081472461044
29,4701,1D9S,A,118,0.4905980186440678,0.6651525229337913,2.739034101694916,3.804884204674524,-0.0826613983050847,0.2804957627118642,-0.0903439999999999,-0.2656499999999937,False,False,False,2.0082741989404878
16,4448,1F3Y,A,147,0.4879633170068027,0.6394518780406441,2.753350462585035,3.525010475986122,-0.0737127455782313,0.6590950884353733,-0.0131829999999997,0.872320000000002,False,False,False,2.0077094229205024
21,4717,1F7W,A,135,0.4096134755555555,0.5330928059914971,2.982274066666668,3.902482194906873,0.0668229437037036,-0.8816535037037038,0.1432079999999995,-0.8564400000000063,False,False,False,1.9216145354443452
5,4775,1DUJ,A,176,0.4480528443181819,0.6227036969030697,2.691155948863637,3.50507829593369,-0.0496158545454545,-0.682359948863637,0.0088189999999999,-0.760872500000005,False,False,False,1.900894046920547
1,4264,3EZA,A,238,0.4431877714285713,0.5844825629492805,2.685098319327732,3.5412920831969115,-0.0867832949579832,-1.256032932773109,-0.0972959999999996,-1.0424624999999992,False,False,False,1.8884098598600363
31,4491,1QJT,A,93,0.4703558720430107,0.6018298016516335,2.5012921612903223,3.198994888501815,-0.0668897279569893,-1.114733580645161,0.0069189999999998,-1.247124999999997,False,False,False,1.8814938510702741
23,4431,1CKV,A,134,0.4281465574626866,0.5486775002583208,2.721165597014925,3.741352188946958,-0.1771591111940299,-0.9528159104477608,-0.1433145000000002,-0.6696699999999964,False,False,False,1.8691070226184032
37,4688,1ILY,A,84,0.4247811190476189,0.5472202445718165,2.698290880952381,3.4741875875204675,-0.0779142523809523,0.1934719047619057,-0.1380632499999996,0.0208499999999958,False,False,False,1.8538920378654904
27,4649,1G03,A,121,0.4650688173553719,0.6053223624459236,2.1881036446281,2.8776683900153177,-0.0303323991735537,-0.2901781735537189,-0.0005749999999995,-0.0467200000000076,False,False,False,1.7599671518313333
14,4716,1N4C,A,150,0.4345182446666667,0.6621273448539898,2.11187824,2.959409471756559,-0.0632503526666666,0.2279895866666663,-0.002758,0.4985025000000007,False,False,False,1.6681260021376487
10,4636,1F2H,A,156,0.3772107006410256,0.4941998130626976,2.3627922435897446,3.128484696418581,0.0600719262820512,0.2434412179487179,0.0754435000000004,0.1621349999999921,False,False,False,1.6345450586662367
26,4519,1D7Q,A,120,0.3459205625,0.4851174136126349,2.535273325,3.3020342936930547,0.0226244708333332,-0.5250967583333331,0.0107524999999997,-0.4088300000000018,False,False,False,1.6287030718085105
38,4841,1E91,A,82,0.3638828158536585,0.5184205913680938,2.400682414634146,3.0708537878297686,-0.0177503085365853,-0.6864823170731716,0.0155155000000002,-0.6477119999999985,False,False,False,1.6195294665136641
28,4429,1RQU,A,118,0.3717822949152543,0.4714051944772612,2.2023376864406785,2.9672368782331326,0.0373306288135593,0.7950270593220349,0.0610787999999997,0.6509169999999926,False,False,False,1.5664971757465098
33,4467,1UB1,A,109,0.364930233027523,0.4681545825322251,2.214842614678899,2.834556795823901,0.0979093743119266,-0.8591788532110096,0.1551465999999992,-1.01079,False,False,False,1.5563214644120826
22,4641,1FO7,A,100,0.3960456739999998,0.5375727959092259,1.7555909399999994,2.4384764454381425,0.0200597539999999,-0.4852452199999999,-0.0155544999999994,-0.1053500000000013,False,False,False,1.4608161941564273
3,4492,1JBA,A,175,0.3410046382857142,0.4596147675502132,2.019316902857143,2.670047293199801,-0.0457765217142857,-0.3129892342857149,-0.0788150000000005,-0.2739899999999977,False,False,False,1.436568862057451
9,4814,1LS4,A,159,0.3170673427672955,0.4131544498276969,1.6303698805031444,2.259528018528962,-0.0580021930817609,-0.2212105471698114,-0.0570440000000012,0.1131759999999957,False,False,False,1.2486852691756045
