residue_type,nucleus,internal_rows,external_rows,internal_mae_ppm,external_mae_ppm,delta_external_minus_internal_ppm
ASP,15N,58,363,1.9426686148807906,2.899031305785124,0.9563626909043332
ILE,15N,39,299,2.2443946173252183,2.9669634347826097,0.7225688174573914
HIS,15N,12,100,2.2857074737548793,2.898329839999998,0.6126223662451187
GLU,15N,68,463,1.9348226255529062,2.5167917105831537,0.5819690850302475
LYS,15N,59,393,2.2324457976777676,2.810386094147583,0.5779402964698153
SER,15N,36,327,2.259681532118055,2.760031434250765,0.5003499021327098
GLY,15N,53,380,2.380206989792157,2.8538778947368426,0.47367090494468567
LEU,15N,70,518,2.378392796107702,2.770351824324325,0.3919590282166232
PHE,15N,38,207,2.751713128340873,3.0892179806763274,0.33750485233545424
ALA,15N,68,475,2.152195968627931,2.285548136842106,0.13335216821417495
GLN,15N,31,239,2.428040978216359,2.5477276527196655,0.11968667450330672
ARG,15N,37,273,2.7587034648173563,2.719761695970696,-0.03894176884666045
VAL,15N,53,393,3.503750005758035,3.4037207226463106,-0.10002928311172443
ASN,15N,29,230,2.8978702097925644,2.742120908695653,-0.15574930109691154
MET,15N,19,111,3.085277613589638,2.814432171171171,-0.27084544241846675
TYR,15N,26,177,3.4382073152982278,2.982824926553673,-0.45538238874455494
THR,15N,38,300,4.869816484953226,3.5859439633333334,-1.2838725216198927
SER,1H,36,327,0.40709051979912647,0.49699897859327224,0.08990845879414577
GLY,1H,53,380,0.42175827350256584,0.498058405,0.07630013149743414
HIS,1H,12,100,0.48835249582926427,0.5583298019999999,0.06997730617073566
LEU,1H,70,518,0.44363148880004877,0.5045356795366794,0.06090419073663067
GLN,1H,31,239,0.3830710780236029,0.43841477573221765,0.05534369770861475
LYS,1H,59,393,0.39388457185131015,0.4391244,0.045239828148689876
VAL,1H,53,393,0.47814936547909126,0.5047660704834606,0.0266167050043693
TYR,1H,26,177,0.5243182211655838,0.5451684305084746,0.020850209342890835
THR,1H,38,300,0.41425354204679793,0.43276427766666664,0.018510735619868712
ALA,1H,68,475,0.40941559679367956,0.42647575157894735,0.01706015478526779
MET,1H,19,111,0.42133387415032647,0.4277847261261259,0.006450851975799421
GLU,1H,68,463,0.41273282107184917,0.4172197207343412,0.00448689966249205
ILE,1H,39,299,0.5190006779401731,0.5166278618729098,-0.0023728160672633614
ASN,1H,29,230,0.4714929896387559,0.46732495782608696,-0.004168031812668949
PHE,1H,38,207,0.5274996581830478,0.5156980710144927,-0.011801587168555061
ARG,1H,37,273,0.48007075954127953,0.4652856783882785,-0.014785081153001034
ASP,1H,58,363,0.4849339051082217,0.43257970358126724,-0.05235420152695447
