trial_index,seed,role_order,feasible,failure_role,new_external_blind_entries,internal_test_entries,model_selection_validation_entries,selected_evaluation_entries,selected_evaluation_units,buffered_training_eligible_units,buffered_training_eligible_entries,remaining_new_training_entries,total_training_entries_with_historical_development,cross_evaluation_role_edges,evaluation_to_training_edges
0,20260902,new_external_blind|internal_test|model_selection_validation,True,,50,30,30,110,102,846,925,1193,1299,0,0
1,20260903,new_external_blind|internal_test|model_selection_validation,True,,50,30,30,110,102,846,925,1193,1299,0,0
2,20260904,new_external_blind|internal_test|model_selection_validation,True,,50,30,30,110,102,846,925,1193,1299,0,0
3,20260905,new_external_blind|internal_test|model_selection_validation,True,,50,30,30,110,102,846,925,1193,1299,0,0
4,20260906,new_external_blind|internal_test|model_selection_validation,True,,50,30,30,110,102,846,925,1193,1299,0,0
5,20260907,new_external_blind|internal_test|model_selection_validation,True,,50,30,30,110,102,846,925,1193,1299,0,0
6,20260908,new_external_blind|internal_test|model_selection_validation,True,,50,30,30,110,102,846,925,1193,1299,0,0
7,20260909,new_external_blind|internal_test|model_selection_validation,True,,50,30,30,110,102,846,925,1193,1299,0,0
8,20260910,new_external_blind|internal_test|model_selection_validation,True,,50,30,30,110,102,846,925,1193,1299,0,0
9,20260911,new_external_blind|internal_test|model_selection_validation,True,,50,30,30,110,102,846,925,1193,1299,0,0
10,20260912,new_external_blind|internal_test|model_selection_validation,True,,50,30,30,110,102,846,925,1193,1299,0,0
11,20260913,new_external_blind|internal_test|model_selection_validation,True,,50,30,30,110,102,846,925,1193,1299,0,0
12,20260914,new_external_blind|internal_test|model_selection_validation,True,,50,30,30,110,102,846,925,1193,1299,0,0
13,20260915,new_external_blind|internal_test|model_selection_validation,True,,50,30,30,110,102,846,925,1193,1299,0,0
14,20260916,new_external_blind|internal_test|model_selection_validation,True,,50,30,30,110,102,846,925,1193,1299,0,0
15,20260917,new_external_blind|internal_test|model_selection_validation,True,,50,30,30,110,102,846,925,1193,1299,0,0
16,20260918,new_external_blind|internal_test|model_selection_validation,True,,50,30,30,110,102,846,925,1193,1299,0,0
17,20260919,new_external_blind|internal_test|model_selection_validation,True,,50,30,30,110,102,846,925,1193,1299,0,0
18,20260920,new_external_blind|internal_test|model_selection_validation,True,,50,30,30,110,102,846,925,1193,1299,0,0
19,20260921,new_external_blind|internal_test|model_selection_validation,True,,50,30,30,110,102,846,925,1193,1299,0,0
20,20260922,new_external_blind|internal_test|model_selection_validation,True,,50,30,30,110,102,846,925,1193,1299,0,0
21,20260923,new_external_blind|internal_test|model_selection_validation,True,,50,30,30,110,102,846,925,1193,1299,0,0
22,20260924,new_external_blind|internal_test|model_selection_validation,True,,50,30,30,110,102,846,925,1193,1299,0,0
23,20260925,new_external_blind|internal_test|model_selection_validation,True,,50,30,30,110,102,846,925,1193,1299,0,0
24,20260926,new_external_blind|internal_test|model_selection_validation,True,,50,30,30,110,102,846,925,1193,1299,0,0
25,20260927,new_external_blind|internal_test|model_selection_validation,True,,50,30,30,110,102,846,925,1193,1299,0,0
26,20260928,new_external_blind|internal_test|model_selection_validation,True,,50,30,30,110,102,846,925,1193,1299,0,0
27,20260929,new_external_blind|internal_test|model_selection_validation,True,,50,30,30,110,102,846,925,1193,1299,0,0
28,20260930,new_external_blind|internal_test|model_selection_validation,True,,50,30,30,110,102,846,925,1193,1299,0,0
29,20260931,new_external_blind|internal_test|model_selection_validation,True,,50,30,30,110,102,846,925,1193,1299,0,0
30,20260932,new_external_blind|internal_test|model_selection_validation,True,,50,30,30,110,102,846,925,1193,1299,0,0
31,20260933,new_external_blind|internal_test|model_selection_validation,True,,50,30,30,110,102,846,925,1193,1299,0,0
32,20260934,new_external_blind|internal_test|model_selection_validation,True,,50,30,30,110,102,846,925,1193,1299,0,0
33,20260935,new_external_blind|internal_test|model_selection_validation,True,,50,30,30,110,102,846,925,1193,1299,0,0
34,20260936,new_external_blind|internal_test|model_selection_validation,True,,50,30,30,110,102,846,925,1193,1299,0,0
35,20260937,new_external_blind|internal_test|model_selection_validation,True,,50,30,30,110,102,846,925,1193,1299,0,0
36,20260938,new_external_blind|internal_test|model_selection_validation,True,,50,30,30,110,102,846,925,1193,1299,0,0
37,20260939,new_external_blind|internal_test|model_selection_validation,True,,50,30,30,110,102,846,925,1193,1299,0,0
38,20260940,new_external_blind|internal_test|model_selection_validation,True,,50,30,30,110,102,846,925,1193,1299,0,0
39,20260941,new_external_blind|internal_test|model_selection_validation,True,,50,30,30,110,102,846,925,1193,1299,0,0
40,20260942,new_external_blind|internal_test|model_selection_validation,True,,50,30,30,110,102,846,925,1193,1299,0,0
41,20260943,new_external_blind|internal_test|model_selection_validation,True,,50,30,30,110,102,846,925,1193,1299,0,0
42,20260944,new_external_blind|internal_test|model_selection_validation,True,,50,30,30,110,102,846,925,1193,1299,0,0
43,20260945,new_external_blind|internal_test|model_selection_validation,True,,50,30,30,110,102,846,925,1193,1299,0,0
44,20260946,new_external_blind|internal_test|model_selection_validation,True,,50,30,30,110,102,846,925,1193,1299,0,0
45,20260947,new_external_blind|internal_test|model_selection_validation,True,,50,30,30,110,102,846,925,1193,1299,0,0
46,20260948,new_external_blind|internal_test|model_selection_validation,True,,50,30,30,110,102,846,925,1193,1299,0,0
47,20260949,new_external_blind|internal_test|model_selection_validation,True,,50,30,30,110,102,846,925,1193,1299,0,0
48,20260950,new_external_blind|internal_test|model_selection_validation,True,,50,30,30,110,102,846,925,1193,1299,0,0
49,20260951,new_external_blind|internal_test|model_selection_validation,True,,50,30,30,110,102,846,925,1193,1299,0,0
50,20260952,new_external_blind|internal_test|model_selection_validation,True,,50,30,30,110,102,846,925,1193,1299,0,0
51,20260953,new_external_blind|internal_test|model_selection_validation,True,,50,30,30,110,102,846,925,1193,1299,0,0
52,20260954,new_external_blind|internal_test|model_selection_validation,True,,50,30,30,110,102,846,925,1193,1299,0,0
53,20260955,new_external_blind|internal_test|model_selection_validation,True,,50,30,30,110,102,846,925,1193,1299,0,0
54,20260956,new_external_blind|internal_test|model_selection_validation,True,,50,30,30,110,102,846,925,1193,1299,0,0
55,20260957,new_external_blind|internal_test|model_selection_validation,True,,50,30,30,110,102,846,925,1193,1299,0,0
56,20260958,new_external_blind|internal_test|model_selection_validation,True,,50,30,30,110,102,846,925,1193,1299,0,0
57,20260959,new_external_blind|internal_test|model_selection_validation,True,,50,30,30,110,102,846,925,1193,1299,0,0
58,20260960,new_external_blind|internal_test|model_selection_validation,True,,50,30,30,110,102,846,925,1193,1299,0,0
59,20260961,new_external_blind|internal_test|model_selection_validation,True,,50,30,30,110,102,846,925,1193,1299,0,0
60,20260962,new_external_blind|internal_test|model_selection_validation,True,,50,30,30,110,102,846,925,1193,1299,0,0
61,20260963,new_external_blind|internal_test|model_selection_validation,True,,50,30,30,110,102,846,925,1193,1299,0,0
62,20260964,new_external_blind|internal_test|model_selection_validation,True,,50,30,30,110,102,846,925,1193,1299,0,0
63,20260965,new_external_blind|internal_test|model_selection_validation,True,,50,30,30,110,102,846,925,1193,1299,0,0
64,20260966,new_external_blind|internal_test|model_selection_validation,True,,50,30,30,110,102,846,925,1193,1299,0,0
65,20260967,new_external_blind|internal_test|model_selection_validation,True,,50,30,30,110,102,846,925,1193,1299,0,0
66,20260968,new_external_blind|internal_test|model_selection_validation,True,,50,30,30,110,102,846,925,1193,1299,0,0
67,20260969,new_external_blind|internal_test|model_selection_validation,True,,50,30,30,110,102,846,925,1193,1299,0,0
68,20260970,new_external_blind|internal_test|model_selection_validation,True,,50,30,30,110,102,846,925,1193,1299,0,0
69,20260971,new_external_blind|internal_test|model_selection_validation,True,,50,30,30,110,102,846,925,1193,1299,0,0
70,20260972,new_external_blind|internal_test|model_selection_validation,True,,50,30,30,110,102,846,925,1193,1299,0,0
71,20260973,new_external_blind|internal_test|model_selection_validation,True,,50,30,30,110,102,846,925,1193,1299,0,0
72,20260974,new_external_blind|internal_test|model_selection_validation,True,,50,30,30,110,102,846,925,1193,1299,0,0
73,20260975,new_external_blind|internal_test|model_selection_validation,True,,50,30,30,110,102,846,925,1193,1299,0,0
74,20260976,new_external_blind|internal_test|model_selection_validation,True,,50,30,30,110,102,846,925,1193,1299,0,0
75,20260977,new_external_blind|internal_test|model_selection_validation,True,,50,30,30,110,102,846,925,1193,1299,0,0
76,20260978,new_external_blind|internal_test|model_selection_validation,True,,50,30,30,110,102,846,925,1193,1299,0,0
77,20260979,new_external_blind|internal_test|model_selection_validation,True,,50,30,30,110,102,846,925,1193,1299,0,0
78,20260980,new_external_blind|internal_test|model_selection_validation,True,,50,30,30,110,102,846,925,1193,1299,0,0
79,20260981,new_external_blind|internal_test|model_selection_validation,True,,50,30,30,110,102,846,925,1193,1299,0,0
80,20260982,new_external_blind|internal_test|model_selection_validation,True,,50,30,30,110,102,846,925,1193,1299,0,0
81,20260983,new_external_blind|internal_test|model_selection_validation,True,,50,30,30,110,102,846,925,1193,1299,0,0
82,20260984,new_external_blind|internal_test|model_selection_validation,True,,50,30,30,110,102,846,925,1193,1299,0,0
83,20260985,new_external_blind|internal_test|model_selection_validation,True,,50,30,30,110,102,846,925,1193,1299,0,0
84,20260986,new_external_blind|internal_test|model_selection_validation,True,,50,30,30,110,102,846,925,1193,1299,0,0
85,20260987,new_external_blind|internal_test|model_selection_validation,True,,50,30,30,110,102,846,925,1193,1299,0,0
86,20260988,new_external_blind|internal_test|model_selection_validation,True,,50,30,30,110,102,846,925,1193,1299,0,0
87,20260989,new_external_blind|internal_test|model_selection_validation,True,,50,30,30,110,102,846,925,1193,1299,0,0
88,20260990,new_external_blind|internal_test|model_selection_validation,True,,50,30,30,110,102,846,925,1193,1299,0,0
89,20260991,new_external_blind|internal_test|model_selection_validation,True,,50,30,30,110,102,846,925,1193,1299,0,0
90,20260992,new_external_blind|internal_test|model_selection_validation,True,,50,30,30,110,102,846,925,1193,1299,0,0
91,20260993,new_external_blind|internal_test|model_selection_validation,True,,50,30,30,110,102,846,925,1193,1299,0,0
92,20260994,new_external_blind|internal_test|model_selection_validation,True,,50,30,30,110,102,846,925,1193,1299,0,0
93,20260995,new_external_blind|internal_test|model_selection_validation,True,,50,30,30,110,102,846,925,1193,1299,0,0
94,20260996,new_external_blind|internal_test|model_selection_validation,True,,50,30,30,110,102,846,925,1193,1299,0,0
95,20260997,new_external_blind|internal_test|model_selection_validation,True,,50,30,30,110,102,846,925,1193,1299,0,0
96,20260998,new_external_blind|internal_test|model_selection_validation,True,,50,30,30,110,102,846,925,1193,1299,0,0
97,20260999,new_external_blind|internal_test|model_selection_validation,True,,50,30,30,110,102,846,925,1193,1299,0,0
98,20261000,new_external_blind|internal_test|model_selection_validation,True,,50,30,30,110,102,846,925,1193,1299,0,0
99,20261001,new_external_blind|internal_test|model_selection_validation,True,,50,30,30,110,102,846,925,1193,1299,0,0
100,20360902,new_external_blind|model_selection_validation|internal_test,True,,50,30,30,110,102,846,925,1193,1299,0,0
101,20360903,new_external_blind|model_selection_validation|internal_test,True,,50,30,30,110,102,846,925,1193,1299,0,0
102,20360904,new_external_blind|model_selection_validation|internal_test,True,,50,30,30,110,102,846,925,1193,1299,0,0
103,20360905,new_external_blind|model_selection_validation|internal_test,True,,50,30,30,110,102,846,925,1193,1299,0,0
104,20360906,new_external_blind|model_selection_validation|internal_test,True,,50,30,30,110,102,846,925,1193,1299,0,0
105,20360907,new_external_blind|model_selection_validation|internal_test,True,,50,30,30,110,102,846,925,1193,1299,0,0
106,20360908,new_external_blind|model_selection_validation|internal_test,True,,50,30,30,110,102,846,925,1193,1299,0,0
107,20360909,new_external_blind|model_selection_validation|internal_test,True,,50,30,30,110,102,846,925,1193,1299,0,0
108,20360910,new_external_blind|model_selection_validation|internal_test,True,,50,30,30,110,102,846,925,1193,1299,0,0
109,20360911,new_external_blind|model_selection_validation|internal_test,True,,50,30,30,110,102,846,925,1193,1299,0,0
110,20360912,new_external_blind|model_selection_validation|internal_test,True,,50,30,30,110,102,846,925,1193,1299,0,0
111,20360913,new_external_blind|model_selection_validation|internal_test,True,,50,30,30,110,102,846,925,1193,1299,0,0
112,20360914,new_external_blind|model_selection_validation|internal_test,True,,50,30,30,110,102,846,925,1193,1299,0,0
113,20360915,new_external_blind|model_selection_validation|internal_test,True,,50,30,30,110,102,846,925,1193,1299,0,0
114,20360916,new_external_blind|model_selection_validation|internal_test,True,,50,30,30,110,102,846,925,1193,1299,0,0
115,20360917,new_external_blind|model_selection_validation|internal_test,True,,50,30,30,110,102,846,925,1193,1299,0,0
116,20360918,new_external_blind|model_selection_validation|internal_test,True,,50,30,30,110,102,846,925,1193,1299,0,0
117,20360919,new_external_blind|model_selection_validation|internal_test,True,,50,30,30,110,102,846,925,1193,1299,0,0
118,20360920,new_external_blind|model_selection_validation|internal_test,True,,50,30,30,110,102,846,925,1193,1299,0,0
119,20360921,new_external_blind|model_selection_validation|internal_test,True,,50,30,30,110,102,846,925,1193,1299,0,0
120,20360922,new_external_blind|model_selection_validation|internal_test,True,,50,30,30,110,102,846,925,1193,1299,0,0
121,20360923,new_external_blind|model_selection_validation|internal_test,True,,50,30,30,110,102,846,925,1193,1299,0,0
122,20360924,new_external_blind|model_selection_validation|internal_test,True,,50,30,30,110,102,846,925,1193,1299,0,0
123,20360925,new_external_blind|model_selection_validation|internal_test,True,,50,30,30,110,102,846,925,1193,1299,0,0
124,20360926,new_external_blind|model_selection_validation|internal_test,True,,50,30,30,110,102,846,925,1193,1299,0,0
125,20360927,new_external_blind|model_selection_validation|internal_test,True,,50,30,30,110,102,846,925,1193,1299,0,0
126,20360928,new_external_blind|model_selection_validation|internal_test,True,,50,30,30,110,102,846,925,1193,1299,0,0
127,20360929,new_external_blind|model_selection_validation|internal_test,True,,50,30,30,110,102,846,925,1193,1299,0,0
128,20360930,new_external_blind|model_selection_validation|internal_test,True,,50,30,30,110,102,846,925,1193,1299,0,0
129,20360931,new_external_blind|model_selection_validation|internal_test,True,,50,30,30,110,102,846,925,1193,1299,0,0
130,20360932,new_external_blind|model_selection_validation|internal_test,True,,50,30,30,110,102,846,925,1193,1299,0,0
131,20360933,new_external_blind|model_selection_validation|internal_test,True,,50,30,30,110,102,846,925,1193,1299,0,0
132,20360934,new_external_blind|model_selection_validation|internal_test,True,,50,30,30,110,102,846,925,1193,1299,0,0
133,20360935,new_external_blind|model_selection_validation|internal_test,True,,50,30,30,110,102,846,925,1193,1299,0,0
134,20360936,new_external_blind|model_selection_validation|internal_test,True,,50,30,30,110,102,846,925,1193,1299,0,0
135,20360937,new_external_blind|model_selection_validation|internal_test,True,,50,30,30,110,102,846,925,1193,1299,0,0
136,20360938,new_external_blind|model_selection_validation|internal_test,True,,50,30,30,110,102,846,925,1193,1299,0,0
137,20360939,new_external_blind|model_selection_validation|internal_test,True,,50,30,30,110,102,846,925,1193,1299,0,0
138,20360940,new_external_blind|model_selection_validation|internal_test,True,,50,30,30,110,102,846,925,1193,1299,0,0
139,20360941,new_external_blind|model_selection_validation|internal_test,True,,50,30,30,110,102,846,925,1193,1299,0,0
140,20360942,new_external_blind|model_selection_validation|internal_test,True,,50,30,30,110,102,846,925,1193,1299,0,0
141,20360943,new_external_blind|model_selection_validation|internal_test,True,,50,30,30,110,102,846,925,1193,1299,0,0
142,20360944,new_external_blind|model_selection_validation|internal_test,True,,50,30,30,110,102,846,925,1193,1299,0,0
143,20360945,new_external_blind|model_selection_validation|internal_test,True,,50,30,30,110,102,846,925,1193,1299,0,0
144,20360946,new_external_blind|model_selection_validation|internal_test,True,,50,30,30,110,102,846,925,1193,1299,0,0
145,20360947,new_external_blind|model_selection_validation|internal_test,True,,50,30,30,110,102,846,925,1193,1299,0,0
146,20360948,new_external_blind|model_selection_validation|internal_test,True,,50,30,30,110,102,846,925,1193,1299,0,0
147,20360949,new_external_blind|model_selection_validation|internal_test,True,,50,30,30,110,102,846,925,1193,1299,0,0
148,20360950,new_external_blind|model_selection_validation|internal_test,True,,50,30,30,110,102,846,925,1193,1299,0,0
149,20360951,new_external_blind|model_selection_validation|internal_test,True,,50,30,30,110,102,846,925,1193,1299,0,0
150,20360952,new_external_blind|model_selection_validation|internal_test,True,,50,30,30,110,102,846,925,1193,1299,0,0
151,20360953,new_external_blind|model_selection_validation|internal_test,True,,50,30,30,110,102,846,925,1193,1299,0,0
152,20360954,new_external_blind|model_selection_validation|internal_test,True,,50,30,30,110,102,846,925,1193,1299,0,0
153,20360955,new_external_blind|model_selection_validation|internal_test,True,,50,30,30,110,102,846,925,1193,1299,0,0
154,20360956,new_external_blind|model_selection_validation|internal_test,True,,50,30,30,110,102,846,925,1193,1299,0,0
155,20360957,new_external_blind|model_selection_validation|internal_test,True,,50,30,30,110,102,846,925,1193,1299,0,0
156,20360958,new_external_blind|model_selection_validation|internal_test,True,,50,30,30,110,102,846,925,1193,1299,0,0
157,20360959,new_external_blind|model_selection_validation|internal_test,True,,50,30,30,110,102,846,925,1193,1299,0,0
158,20360960,new_external_blind|model_selection_validation|internal_test,True,,50,30,30,110,102,846,925,1193,1299,0,0
159,20360961,new_external_blind|model_selection_validation|internal_test,True,,50,30,30,110,102,846,925,1193,1299,0,0
160,20360962,new_external_blind|model_selection_validation|internal_test,True,,50,30,30,110,102,846,925,1193,1299,0,0
161,20360963,new_external_blind|model_selection_validation|internal_test,True,,50,30,30,110,102,846,925,1193,1299,0,0
162,20360964,new_external_blind|model_selection_validation|internal_test,True,,50,30,30,110,102,846,925,1193,1299,0,0
163,20360965,new_external_blind|model_selection_validation|internal_test,True,,50,30,30,110,102,846,925,1193,1299,0,0
164,20360966,new_external_blind|model_selection_validation|internal_test,True,,50,30,30,110,102,846,925,1193,1299,0,0
165,20360967,new_external_blind|model_selection_validation|internal_test,True,,50,30,30,110,102,846,925,1193,1299,0,0
166,20360968,new_external_blind|model_selection_validation|internal_test,True,,50,30,30,110,102,846,925,1193,1299,0,0
167,20360969,new_external_blind|model_selection_validation|internal_test,True,,50,30,30,110,102,846,925,1193,1299,0,0
168,20360970,new_external_blind|model_selection_validation|internal_test,True,,50,30,30,110,102,846,925,1193,1299,0,0
169,20360971,new_external_blind|model_selection_validation|internal_test,True,,50,30,30,110,102,846,925,1193,1299,0,0
170,20360972,new_external_blind|model_selection_validation|internal_test,True,,50,30,30,110,102,846,925,1193,1299,0,0
171,20360973,new_external_blind|model_selection_validation|internal_test,True,,50,30,30,110,102,846,925,1193,1299,0,0
172,20360974,new_external_blind|model_selection_validation|internal_test,True,,50,30,30,110,102,846,925,1193,1299,0,0
173,20360975,new_external_blind|model_selection_validation|internal_test,True,,50,30,30,110,102,846,925,1193,1299,0,0
174,20360976,new_external_blind|model_selection_validation|internal_test,True,,50,30,30,110,102,846,925,1193,1299,0,0
175,20360977,new_external_blind|model_selection_validation|internal_test,True,,50,30,30,110,102,846,925,1193,1299,0,0
176,20360978,new_external_blind|model_selection_validation|internal_test,True,,50,30,30,110,102,846,925,1193,1299,0,0
177,20360979,new_external_blind|model_selection_validation|internal_test,True,,50,30,30,110,102,846,925,1193,1299,0,0
178,20360980,new_external_blind|model_selection_validation|internal_test,True,,50,30,30,110,102,846,925,1193,1299,0,0
179,20360981,new_external_blind|model_selection_validation|internal_test,True,,50,30,30,110,102,846,925,1193,1299,0,0
180,20360982,new_external_blind|model_selection_validation|internal_test,True,,50,30,30,110,102,846,925,1193,1299,0,0
181,20360983,new_external_blind|model_selection_validation|internal_test,True,,50,30,30,110,102,846,925,1193,1299,0,0
182,20360984,new_external_blind|model_selection_validation|internal_test,True,,50,30,30,110,102,846,925,1193,1299,0,0
183,20360985,new_external_blind|model_selection_validation|internal_test,True,,50,30,30,110,102,846,925,1193,1299,0,0
184,20360986,new_external_blind|model_selection_validation|internal_test,True,,50,30,30,110,102,846,925,1193,1299,0,0
185,20360987,new_external_blind|model_selection_validation|internal_test,True,,50,30,30,110,102,846,925,1193,1299,0,0
186,20360988,new_external_blind|model_selection_validation|internal_test,True,,50,30,30,110,102,846,925,1193,1299,0,0
187,20360989,new_external_blind|model_selection_validation|internal_test,True,,50,30,30,110,102,846,925,1193,1299,0,0
188,20360990,new_external_blind|model_selection_validation|internal_test,True,,50,30,30,110,102,846,925,1193,1299,0,0
189,20360991,new_external_blind|model_selection_validation|internal_test,True,,50,30,30,110,102,846,925,1193,1299,0,0
190,20360992,new_external_blind|model_selection_validation|internal_test,True,,50,30,30,110,102,846,925,1193,1299,0,0
191,20360993,new_external_blind|model_selection_validation|internal_test,True,,50,30,30,110,102,846,925,1193,1299,0,0
192,20360994,new_external_blind|model_selection_validation|internal_test,True,,50,30,30,110,102,846,925,1193,1299,0,0
193,20360995,new_external_blind|model_selection_validation|internal_test,True,,50,30,30,110,102,846,925,1193,1299,0,0
194,20360996,new_external_blind|model_selection_validation|internal_test,True,,50,30,30,110,102,846,925,1193,1299,0,0
195,20360997,new_external_blind|model_selection_validation|internal_test,True,,50,30,30,110,102,846,925,1193,1299,0,0
196,20360998,new_external_blind|model_selection_validation|internal_test,True,,50,30,30,110,102,846,925,1193,1299,0,0
197,20360999,new_external_blind|model_selection_validation|internal_test,True,,50,30,30,110,102,846,925,1193,1299,0,0
198,20361000,new_external_blind|model_selection_validation|internal_test,True,,50,30,30,110,102,846,925,1193,1299,0,0
199,20361001,new_external_blind|model_selection_validation|internal_test,True,,50,30,30,110,102,846,925,1193,1299,0,0
200,20460902,internal_test|new_external_blind|model_selection_validation,True,,50,30,30,110,102,861,937,1181,1287,0,0
201,20460903,internal_test|new_external_blind|model_selection_validation,True,,50,30,30,110,102,861,937,1181,1287,0,0
202,20460904,internal_test|new_external_blind|model_selection_validation,True,,50,30,30,110,102,861,937,1181,1287,0,0
203,20460905,internal_test|new_external_blind|model_selection_validation,True,,50,30,30,110,102,861,937,1181,1287,0,0
204,20460906,internal_test|new_external_blind|model_selection_validation,True,,50,30,30,110,102,861,937,1181,1287,0,0
205,20460907,internal_test|new_external_blind|model_selection_validation,True,,50,30,30,110,102,861,937,1181,1287,0,0
206,20460908,internal_test|new_external_blind|model_selection_validation,True,,50,30,30,110,102,861,937,1181,1287,0,0
207,20460909,internal_test|new_external_blind|model_selection_validation,True,,50,30,30,110,102,861,937,1181,1287,0,0
208,20460910,internal_test|new_external_blind|model_selection_validation,True,,50,30,30,110,102,861,937,1181,1287,0,0
209,20460911,internal_test|new_external_blind|model_selection_validation,True,,50,30,30,110,102,861,937,1181,1287,0,0
210,20460912,internal_test|new_external_blind|model_selection_validation,True,,50,30,30,110,102,861,937,1181,1287,0,0
211,20460913,internal_test|new_external_blind|model_selection_validation,True,,50,30,30,110,102,861,937,1181,1287,0,0
212,20460914,internal_test|new_external_blind|model_selection_validation,True,,50,30,30,110,102,861,937,1181,1287,0,0
213,20460915,internal_test|new_external_blind|model_selection_validation,True,,50,30,30,110,102,861,937,1181,1287,0,0
214,20460916,internal_test|new_external_blind|model_selection_validation,True,,50,30,30,110,102,861,937,1181,1287,0,0
215,20460917,internal_test|new_external_blind|model_selection_validation,True,,50,30,30,110,102,861,937,1181,1287,0,0
216,20460918,internal_test|new_external_blind|model_selection_validation,True,,50,30,30,110,102,861,937,1181,1287,0,0
217,20460919,internal_test|new_external_blind|model_selection_validation,True,,50,30,30,110,102,861,937,1181,1287,0,0
218,20460920,internal_test|new_external_blind|model_selection_validation,True,,50,30,30,110,102,861,937,1181,1287,0,0
219,20460921,internal_test|new_external_blind|model_selection_validation,True,,50,30,30,110,102,861,937,1181,1287,0,0
220,20460922,internal_test|new_external_blind|model_selection_validation,True,,50,30,30,110,102,861,937,1181,1287,0,0
221,20460923,internal_test|new_external_blind|model_selection_validation,True,,50,30,30,110,102,861,937,1181,1287,0,0
222,20460924,internal_test|new_external_blind|model_selection_validation,True,,50,30,30,110,102,861,937,1181,1287,0,0
223,20460925,internal_test|new_external_blind|model_selection_validation,True,,50,30,30,110,102,861,937,1181,1287,0,0
224,20460926,internal_test|new_external_blind|model_selection_validation,True,,50,30,30,110,102,861,937,1181,1287,0,0
225,20460927,internal_test|new_external_blind|model_selection_validation,True,,50,30,30,110,102,861,937,1181,1287,0,0
226,20460928,internal_test|new_external_blind|model_selection_validation,True,,50,30,30,110,102,861,937,1181,1287,0,0
227,20460929,internal_test|new_external_blind|model_selection_validation,True,,50,30,30,110,102,861,937,1181,1287,0,0
228,20460930,internal_test|new_external_blind|model_selection_validation,True,,50,30,30,110,102,861,937,1181,1287,0,0
229,20460931,internal_test|new_external_blind|model_selection_validation,True,,50,30,30,110,102,861,937,1181,1287,0,0
230,20460932,internal_test|new_external_blind|model_selection_validation,True,,50,30,30,110,102,861,937,1181,1287,0,0
231,20460933,internal_test|new_external_blind|model_selection_validation,True,,50,30,30,110,102,861,937,1181,1287,0,0
232,20460934,internal_test|new_external_blind|model_selection_validation,True,,50,30,30,110,102,861,937,1181,1287,0,0
233,20460935,internal_test|new_external_blind|model_selection_validation,True,,50,30,30,110,102,861,937,1181,1287,0,0
234,20460936,internal_test|new_external_blind|model_selection_validation,True,,50,30,30,110,102,861,937,1181,1287,0,0
235,20460937,internal_test|new_external_blind|model_selection_validation,True,,50,30,30,110,102,861,937,1181,1287,0,0
236,20460938,internal_test|new_external_blind|model_selection_validation,True,,50,30,30,110,102,861,937,1181,1287,0,0
237,20460939,internal_test|new_external_blind|model_selection_validation,True,,50,30,30,110,102,861,937,1181,1287,0,0
238,20460940,internal_test|new_external_blind|model_selection_validation,True,,50,30,30,110,102,861,937,1181,1287,0,0
239,20460941,internal_test|new_external_blind|model_selection_validation,True,,50,30,30,110,102,861,937,1181,1287,0,0
240,20460942,internal_test|new_external_blind|model_selection_validation,True,,50,30,30,110,102,861,937,1181,1287,0,0
241,20460943,internal_test|new_external_blind|model_selection_validation,True,,50,30,30,110,102,861,937,1181,1287,0,0
242,20460944,internal_test|new_external_blind|model_selection_validation,True,,50,30,30,110,102,861,937,1181,1287,0,0
243,20460945,internal_test|new_external_blind|model_selection_validation,True,,50,30,30,110,102,861,937,1181,1287,0,0
244,20460946,internal_test|new_external_blind|model_selection_validation,True,,50,30,30,110,102,861,937,1181,1287,0,0
245,20460947,internal_test|new_external_blind|model_selection_validation,True,,50,30,30,110,102,861,937,1181,1287,0,0
246,20460948,internal_test|new_external_blind|model_selection_validation,True,,50,30,30,110,102,861,937,1181,1287,0,0
247,20460949,internal_test|new_external_blind|model_selection_validation,True,,50,30,30,110,102,861,937,1181,1287,0,0
248,20460950,internal_test|new_external_blind|model_selection_validation,True,,50,30,30,110,102,861,937,1181,1287,0,0
249,20460951,internal_test|new_external_blind|model_selection_validation,True,,50,30,30,110,102,861,937,1181,1287,0,0
250,20460952,internal_test|new_external_blind|model_selection_validation,True,,50,30,30,110,102,861,937,1181,1287,0,0
251,20460953,internal_test|new_external_blind|model_selection_validation,True,,50,30,30,110,102,861,937,1181,1287,0,0
252,20460954,internal_test|new_external_blind|model_selection_validation,True,,50,30,30,110,102,861,937,1181,1287,0,0
253,20460955,internal_test|new_external_blind|model_selection_validation,True,,50,30,30,110,102,861,937,1181,1287,0,0
254,20460956,internal_test|new_external_blind|model_selection_validation,True,,50,30,30,110,102,861,937,1181,1287,0,0
255,20460957,internal_test|new_external_blind|model_selection_validation,True,,50,30,30,110,102,861,937,1181,1287,0,0
256,20460958,internal_test|new_external_blind|model_selection_validation,True,,50,30,30,110,102,861,937,1181,1287,0,0
257,20460959,internal_test|new_external_blind|model_selection_validation,True,,50,30,30,110,102,861,937,1181,1287,0,0
258,20460960,internal_test|new_external_blind|model_selection_validation,True,,50,30,30,110,102,861,937,1181,1287,0,0
259,20460961,internal_test|new_external_blind|model_selection_validation,True,,50,30,30,110,102,861,937,1181,1287,0,0
260,20460962,internal_test|new_external_blind|model_selection_validation,True,,50,30,30,110,102,861,937,1181,1287,0,0
261,20460963,internal_test|new_external_blind|model_selection_validation,True,,50,30,30,110,102,861,937,1181,1287,0,0
262,20460964,internal_test|new_external_blind|model_selection_validation,True,,50,30,30,110,102,861,937,1181,1287,0,0
263,20460965,internal_test|new_external_blind|model_selection_validation,True,,50,30,30,110,102,861,937,1181,1287,0,0
264,20460966,internal_test|new_external_blind|model_selection_validation,True,,50,30,30,110,102,861,937,1181,1287,0,0
265,20460967,internal_test|new_external_blind|model_selection_validation,True,,50,30,30,110,102,861,937,1181,1287,0,0
266,20460968,internal_test|new_external_blind|model_selection_validation,True,,50,30,30,110,102,861,937,1181,1287,0,0
267,20460969,internal_test|new_external_blind|model_selection_validation,True,,50,30,30,110,102,861,937,1181,1287,0,0
268,20460970,internal_test|new_external_blind|model_selection_validation,True,,50,30,30,110,102,861,937,1181,1287,0,0
269,20460971,internal_test|new_external_blind|model_selection_validation,True,,50,30,30,110,102,861,937,1181,1287,0,0
270,20460972,internal_test|new_external_blind|model_selection_validation,True,,50,30,30,110,102,861,937,1181,1287,0,0
271,20460973,internal_test|new_external_blind|model_selection_validation,True,,50,30,30,110,102,861,937,1181,1287,0,0
272,20460974,internal_test|new_external_blind|model_selection_validation,True,,50,30,30,110,102,861,937,1181,1287,0,0
273,20460975,internal_test|new_external_blind|model_selection_validation,True,,50,30,30,110,102,861,937,1181,1287,0,0
274,20460976,internal_test|new_external_blind|model_selection_validation,True,,50,30,30,110,102,861,937,1181,1287,0,0
275,20460977,internal_test|new_external_blind|model_selection_validation,True,,50,30,30,110,102,861,937,1181,1287,0,0
276,20460978,internal_test|new_external_blind|model_selection_validation,True,,50,30,30,110,102,861,937,1181,1287,0,0
277,20460979,internal_test|new_external_blind|model_selection_validation,True,,50,30,30,110,102,861,937,1181,1287,0,0
278,20460980,internal_test|new_external_blind|model_selection_validation,True,,50,30,30,110,102,861,937,1181,1287,0,0
279,20460981,internal_test|new_external_blind|model_selection_validation,True,,50,30,30,110,102,861,937,1181,1287,0,0
280,20460982,internal_test|new_external_blind|model_selection_validation,True,,50,30,30,110,102,861,937,1181,1287,0,0
281,20460983,internal_test|new_external_blind|model_selection_validation,True,,50,30,30,110,102,861,937,1181,1287,0,0
282,20460984,internal_test|new_external_blind|model_selection_validation,True,,50,30,30,110,102,861,937,1181,1287,0,0
283,20460985,internal_test|new_external_blind|model_selection_validation,True,,50,30,30,110,102,861,937,1181,1287,0,0
284,20460986,internal_test|new_external_blind|model_selection_validation,True,,50,30,30,110,102,861,937,1181,1287,0,0
285,20460987,internal_test|new_external_blind|model_selection_validation,True,,50,30,30,110,102,861,937,1181,1287,0,0
286,20460988,internal_test|new_external_blind|model_selection_validation,True,,50,30,30,110,102,861,937,1181,1287,0,0
287,20460989,internal_test|new_external_blind|model_selection_validation,True,,50,30,30,110,102,861,937,1181,1287,0,0
288,20460990,internal_test|new_external_blind|model_selection_validation,True,,50,30,30,110,102,861,937,1181,1287,0,0
289,20460991,internal_test|new_external_blind|model_selection_validation,True,,50,30,30,110,102,861,937,1181,1287,0,0
290,20460992,internal_test|new_external_blind|model_selection_validation,True,,50,30,30,110,102,861,937,1181,1287,0,0
291,20460993,internal_test|new_external_blind|model_selection_validation,True,,50,30,30,110,102,861,937,1181,1287,0,0
292,20460994,internal_test|new_external_blind|model_selection_validation,True,,50,30,30,110,102,861,937,1181,1287,0,0
293,20460995,internal_test|new_external_blind|model_selection_validation,True,,50,30,30,110,102,861,937,1181,1287,0,0
294,20460996,internal_test|new_external_blind|model_selection_validation,True,,50,30,30,110,102,861,937,1181,1287,0,0
295,20460997,internal_test|new_external_blind|model_selection_validation,True,,50,30,30,110,102,861,937,1181,1287,0,0
296,20460998,internal_test|new_external_blind|model_selection_validation,True,,50,30,30,110,102,861,937,1181,1287,0,0
297,20460999,internal_test|new_external_blind|model_selection_validation,True,,50,30,30,110,102,861,937,1181,1287,0,0
298,20461000,internal_test|new_external_blind|model_selection_validation,True,,50,30,30,110,102,861,937,1181,1287,0,0
299,20461001,internal_test|new_external_blind|model_selection_validation,True,,50,30,30,110,102,861,937,1181,1287,0,0
300,20560902,internal_test|model_selection_validation|new_external_blind,True,,50,30,30,110,100,841,913,1205,1311,0,0
301,20560903,internal_test|model_selection_validation|new_external_blind,True,,50,30,30,110,100,841,913,1205,1311,0,0
302,20560904,internal_test|model_selection_validation|new_external_blind,True,,50,30,30,110,100,841,913,1205,1311,0,0
303,20560905,internal_test|model_selection_validation|new_external_blind,True,,50,30,30,110,100,841,913,1205,1311,0,0
304,20560906,internal_test|model_selection_validation|new_external_blind,True,,50,30,30,110,100,841,913,1205,1311,0,0
305,20560907,internal_test|model_selection_validation|new_external_blind,True,,50,30,30,110,100,841,913,1205,1311,0,0
306,20560908,internal_test|model_selection_validation|new_external_blind,True,,50,30,30,110,100,841,913,1205,1311,0,0
307,20560909,internal_test|model_selection_validation|new_external_blind,True,,50,30,30,110,100,841,913,1205,1311,0,0
308,20560910,internal_test|model_selection_validation|new_external_blind,True,,50,30,30,110,100,841,913,1205,1311,0,0
309,20560911,internal_test|model_selection_validation|new_external_blind,True,,50,30,30,110,100,841,913,1205,1311,0,0
310,20560912,internal_test|model_selection_validation|new_external_blind,True,,50,30,30,110,100,841,913,1205,1311,0,0
311,20560913,internal_test|model_selection_validation|new_external_blind,True,,50,30,30,110,100,841,913,1205,1311,0,0
312,20560914,internal_test|model_selection_validation|new_external_blind,True,,50,30,30,110,100,841,913,1205,1311,0,0
313,20560915,internal_test|model_selection_validation|new_external_blind,True,,50,30,30,110,100,841,913,1205,1311,0,0
314,20560916,internal_test|model_selection_validation|new_external_blind,True,,50,30,30,110,100,841,913,1205,1311,0,0
315,20560917,internal_test|model_selection_validation|new_external_blind,True,,50,30,30,110,100,841,913,1205,1311,0,0
316,20560918,internal_test|model_selection_validation|new_external_blind,True,,50,30,30,110,100,841,913,1205,1311,0,0
317,20560919,internal_test|model_selection_validation|new_external_blind,True,,50,30,30,110,100,841,913,1205,1311,0,0
318,20560920,internal_test|model_selection_validation|new_external_blind,True,,50,30,30,110,100,841,913,1205,1311,0,0
319,20560921,internal_test|model_selection_validation|new_external_blind,True,,50,30,30,110,100,841,913,1205,1311,0,0
320,20560922,internal_test|model_selection_validation|new_external_blind,True,,50,30,30,110,100,841,913,1205,1311,0,0
321,20560923,internal_test|model_selection_validation|new_external_blind,True,,50,30,30,110,100,841,913,1205,1311,0,0
322,20560924,internal_test|model_selection_validation|new_external_blind,True,,50,30,30,110,100,841,913,1205,1311,0,0
323,20560925,internal_test|model_selection_validation|new_external_blind,True,,50,30,30,110,100,841,913,1205,1311,0,0
324,20560926,internal_test|model_selection_validation|new_external_blind,True,,50,30,30,110,100,841,913,1205,1311,0,0
325,20560927,internal_test|model_selection_validation|new_external_blind,True,,50,30,30,110,100,841,913,1205,1311,0,0
326,20560928,internal_test|model_selection_validation|new_external_blind,True,,50,30,30,110,100,841,913,1205,1311,0,0
327,20560929,internal_test|model_selection_validation|new_external_blind,True,,50,30,30,110,100,841,913,1205,1311,0,0
328,20560930,internal_test|model_selection_validation|new_external_blind,True,,50,30,30,110,100,841,913,1205,1311,0,0
329,20560931,internal_test|model_selection_validation|new_external_blind,True,,50,30,30,110,100,841,913,1205,1311,0,0
330,20560932,internal_test|model_selection_validation|new_external_blind,True,,50,30,30,110,100,841,913,1205,1311,0,0
331,20560933,internal_test|model_selection_validation|new_external_blind,True,,50,30,30,110,100,841,913,1205,1311,0,0
332,20560934,internal_test|model_selection_validation|new_external_blind,True,,50,30,30,110,100,841,913,1205,1311,0,0
333,20560935,internal_test|model_selection_validation|new_external_blind,True,,50,30,30,110,100,841,913,1205,1311,0,0
334,20560936,internal_test|model_selection_validation|new_external_blind,True,,50,30,30,110,100,841,913,1205,1311,0,0
335,20560937,internal_test|model_selection_validation|new_external_blind,True,,50,30,30,110,100,841,913,1205,1311,0,0
336,20560938,internal_test|model_selection_validation|new_external_blind,True,,50,30,30,110,100,841,913,1205,1311,0,0
337,20560939,internal_test|model_selection_validation|new_external_blind,True,,50,30,30,110,100,841,913,1205,1311,0,0
338,20560940,internal_test|model_selection_validation|new_external_blind,True,,50,30,30,110,100,841,913,1205,1311,0,0
339,20560941,internal_test|model_selection_validation|new_external_blind,True,,50,30,30,110,100,841,913,1205,1311,0,0
340,20560942,internal_test|model_selection_validation|new_external_blind,True,,50,30,30,110,100,841,913,1205,1311,0,0
341,20560943,internal_test|model_selection_validation|new_external_blind,True,,50,30,30,110,100,841,913,1205,1311,0,0
342,20560944,internal_test|model_selection_validation|new_external_blind,True,,50,30,30,110,100,841,913,1205,1311,0,0
343,20560945,internal_test|model_selection_validation|new_external_blind,True,,50,30,30,110,100,841,913,1205,1311,0,0
344,20560946,internal_test|model_selection_validation|new_external_blind,True,,50,30,30,110,100,841,913,1205,1311,0,0
345,20560947,internal_test|model_selection_validation|new_external_blind,True,,50,30,30,110,100,841,913,1205,1311,0,0
346,20560948,internal_test|model_selection_validation|new_external_blind,True,,50,30,30,110,100,841,913,1205,1311,0,0
347,20560949,internal_test|model_selection_validation|new_external_blind,True,,50,30,30,110,100,841,913,1205,1311,0,0
348,20560950,internal_test|model_selection_validation|new_external_blind,True,,50,30,30,110,100,841,913,1205,1311,0,0
349,20560951,internal_test|model_selection_validation|new_external_blind,True,,50,30,30,110,100,841,913,1205,1311,0,0
350,20560952,internal_test|model_selection_validation|new_external_blind,True,,50,30,30,110,100,841,913,1205,1311,0,0
351,20560953,internal_test|model_selection_validation|new_external_blind,True,,50,30,30,110,100,841,913,1205,1311,0,0
352,20560954,internal_test|model_selection_validation|new_external_blind,True,,50,30,30,110,100,841,913,1205,1311,0,0
353,20560955,internal_test|model_selection_validation|new_external_blind,True,,50,30,30,110,100,841,913,1205,1311,0,0
354,20560956,internal_test|model_selection_validation|new_external_blind,True,,50,30,30,110,100,841,913,1205,1311,0,0
355,20560957,internal_test|model_selection_validation|new_external_blind,True,,50,30,30,110,100,841,913,1205,1311,0,0
356,20560958,internal_test|model_selection_validation|new_external_blind,True,,50,30,30,110,100,841,913,1205,1311,0,0
357,20560959,internal_test|model_selection_validation|new_external_blind,True,,50,30,30,110,100,841,913,1205,1311,0,0
358,20560960,internal_test|model_selection_validation|new_external_blind,True,,50,30,30,110,100,841,913,1205,1311,0,0
359,20560961,internal_test|model_selection_validation|new_external_blind,True,,50,30,30,110,100,841,913,1205,1311,0,0
360,20560962,internal_test|model_selection_validation|new_external_blind,True,,50,30,30,110,100,841,913,1205,1311,0,0
361,20560963,internal_test|model_selection_validation|new_external_blind,True,,50,30,30,110,100,841,913,1205,1311,0,0
362,20560964,internal_test|model_selection_validation|new_external_blind,True,,50,30,30,110,100,841,913,1205,1311,0,0
363,20560965,internal_test|model_selection_validation|new_external_blind,True,,50,30,30,110,100,841,913,1205,1311,0,0
364,20560966,internal_test|model_selection_validation|new_external_blind,True,,50,30,30,110,100,841,913,1205,1311,0,0
365,20560967,internal_test|model_selection_validation|new_external_blind,True,,50,30,30,110,100,841,913,1205,1311,0,0
366,20560968,internal_test|model_selection_validation|new_external_blind,True,,50,30,30,110,100,841,913,1205,1311,0,0
367,20560969,internal_test|model_selection_validation|new_external_blind,True,,50,30,30,110,100,841,913,1205,1311,0,0
368,20560970,internal_test|model_selection_validation|new_external_blind,True,,50,30,30,110,100,841,913,1205,1311,0,0
369,20560971,internal_test|model_selection_validation|new_external_blind,True,,50,30,30,110,100,841,913,1205,1311,0,0
370,20560972,internal_test|model_selection_validation|new_external_blind,True,,50,30,30,110,100,841,913,1205,1311,0,0
371,20560973,internal_test|model_selection_validation|new_external_blind,True,,50,30,30,110,100,841,913,1205,1311,0,0
372,20560974,internal_test|model_selection_validation|new_external_blind,True,,50,30,30,110,100,841,913,1205,1311,0,0
373,20560975,internal_test|model_selection_validation|new_external_blind,True,,50,30,30,110,100,841,913,1205,1311,0,0
374,20560976,internal_test|model_selection_validation|new_external_blind,True,,50,30,30,110,100,841,913,1205,1311,0,0
375,20560977,internal_test|model_selection_validation|new_external_blind,True,,50,30,30,110,100,841,913,1205,1311,0,0
376,20560978,internal_test|model_selection_validation|new_external_blind,True,,50,30,30,110,100,841,913,1205,1311,0,0
377,20560979,internal_test|model_selection_validation|new_external_blind,True,,50,30,30,110,100,841,913,1205,1311,0,0
378,20560980,internal_test|model_selection_validation|new_external_blind,True,,50,30,30,110,100,841,913,1205,1311,0,0
379,20560981,internal_test|model_selection_validation|new_external_blind,True,,50,30,30,110,100,841,913,1205,1311,0,0
380,20560982,internal_test|model_selection_validation|new_external_blind,True,,50,30,30,110,100,841,913,1205,1311,0,0
381,20560983,internal_test|model_selection_validation|new_external_blind,True,,50,30,30,110,100,841,913,1205,1311,0,0
382,20560984,internal_test|model_selection_validation|new_external_blind,True,,50,30,30,110,100,841,913,1205,1311,0,0
383,20560985,internal_test|model_selection_validation|new_external_blind,True,,50,30,30,110,100,841,913,1205,1311,0,0
384,20560986,internal_test|model_selection_validation|new_external_blind,True,,50,30,30,110,100,841,913,1205,1311,0,0
385,20560987,internal_test|model_selection_validation|new_external_blind,True,,50,30,30,110,100,841,913,1205,1311,0,0
386,20560988,internal_test|model_selection_validation|new_external_blind,True,,50,30,30,110,100,841,913,1205,1311,0,0
387,20560989,internal_test|model_selection_validation|new_external_blind,True,,50,30,30,110,100,841,913,1205,1311,0,0
388,20560990,internal_test|model_selection_validation|new_external_blind,True,,50,30,30,110,100,841,913,1205,1311,0,0
389,20560991,internal_test|model_selection_validation|new_external_blind,True,,50,30,30,110,100,841,913,1205,1311,0,0
390,20560992,internal_test|model_selection_validation|new_external_blind,True,,50,30,30,110,100,841,913,1205,1311,0,0
391,20560993,internal_test|model_selection_validation|new_external_blind,True,,50,30,30,110,100,841,913,1205,1311,0,0
392,20560994,internal_test|model_selection_validation|new_external_blind,True,,50,30,30,110,100,841,913,1205,1311,0,0
393,20560995,internal_test|model_selection_validation|new_external_blind,True,,50,30,30,110,100,841,913,1205,1311,0,0
394,20560996,internal_test|model_selection_validation|new_external_blind,True,,50,30,30,110,100,841,913,1205,1311,0,0
395,20560997,internal_test|model_selection_validation|new_external_blind,True,,50,30,30,110,100,841,913,1205,1311,0,0
396,20560998,internal_test|model_selection_validation|new_external_blind,True,,50,30,30,110,100,841,913,1205,1311,0,0
397,20560999,internal_test|model_selection_validation|new_external_blind,True,,50,30,30,110,100,841,913,1205,1311,0,0
398,20561000,internal_test|model_selection_validation|new_external_blind,True,,50,30,30,110,100,841,913,1205,1311,0,0
399,20561001,internal_test|model_selection_validation|new_external_blind,True,,50,30,30,110,100,841,913,1205,1311,0,0
400,20660902,model_selection_validation|new_external_blind|internal_test,True,,50,30,30,110,102,861,937,1181,1287,0,0
401,20660903,model_selection_validation|new_external_blind|internal_test,True,,50,30,30,110,102,861,937,1181,1287,0,0
402,20660904,model_selection_validation|new_external_blind|internal_test,True,,50,30,30,110,102,861,937,1181,1287,0,0
403,20660905,model_selection_validation|new_external_blind|internal_test,True,,50,30,30,110,102,861,937,1181,1287,0,0
404,20660906,model_selection_validation|new_external_blind|internal_test,True,,50,30,30,110,102,861,937,1181,1287,0,0
405,20660907,model_selection_validation|new_external_blind|internal_test,True,,50,30,30,110,102,861,937,1181,1287,0,0
406,20660908,model_selection_validation|new_external_blind|internal_test,True,,50,30,30,110,102,861,937,1181,1287,0,0
407,20660909,model_selection_validation|new_external_blind|internal_test,True,,50,30,30,110,102,861,937,1181,1287,0,0
408,20660910,model_selection_validation|new_external_blind|internal_test,True,,50,30,30,110,102,861,937,1181,1287,0,0
409,20660911,model_selection_validation|new_external_blind|internal_test,True,,50,30,30,110,102,861,937,1181,1287,0,0
410,20660912,model_selection_validation|new_external_blind|internal_test,True,,50,30,30,110,102,861,937,1181,1287,0,0
411,20660913,model_selection_validation|new_external_blind|internal_test,True,,50,30,30,110,102,861,937,1181,1287,0,0
412,20660914,model_selection_validation|new_external_blind|internal_test,True,,50,30,30,110,102,861,937,1181,1287,0,0
413,20660915,model_selection_validation|new_external_blind|internal_test,True,,50,30,30,110,102,861,937,1181,1287,0,0
414,20660916,model_selection_validation|new_external_blind|internal_test,True,,50,30,30,110,102,861,937,1181,1287,0,0
415,20660917,model_selection_validation|new_external_blind|internal_test,True,,50,30,30,110,102,861,937,1181,1287,0,0
416,20660918,model_selection_validation|new_external_blind|internal_test,True,,50,30,30,110,102,861,937,1181,1287,0,0
417,20660919,model_selection_validation|new_external_blind|internal_test,True,,50,30,30,110,102,861,937,1181,1287,0,0
418,20660920,model_selection_validation|new_external_blind|internal_test,True,,50,30,30,110,102,861,937,1181,1287,0,0
419,20660921,model_selection_validation|new_external_blind|internal_test,True,,50,30,30,110,102,861,937,1181,1287,0,0
420,20660922,model_selection_validation|new_external_blind|internal_test,True,,50,30,30,110,102,861,937,1181,1287,0,0
421,20660923,model_selection_validation|new_external_blind|internal_test,True,,50,30,30,110,102,861,937,1181,1287,0,0
422,20660924,model_selection_validation|new_external_blind|internal_test,True,,50,30,30,110,102,861,937,1181,1287,0,0
423,20660925,model_selection_validation|new_external_blind|internal_test,True,,50,30,30,110,102,861,937,1181,1287,0,0
424,20660926,model_selection_validation|new_external_blind|internal_test,True,,50,30,30,110,102,861,937,1181,1287,0,0
425,20660927,model_selection_validation|new_external_blind|internal_test,True,,50,30,30,110,102,861,937,1181,1287,0,0
426,20660928,model_selection_validation|new_external_blind|internal_test,True,,50,30,30,110,102,861,937,1181,1287,0,0
427,20660929,model_selection_validation|new_external_blind|internal_test,True,,50,30,30,110,102,861,937,1181,1287,0,0
428,20660930,model_selection_validation|new_external_blind|internal_test,True,,50,30,30,110,102,861,937,1181,1287,0,0
429,20660931,model_selection_validation|new_external_blind|internal_test,True,,50,30,30,110,102,861,937,1181,1287,0,0
430,20660932,model_selection_validation|new_external_blind|internal_test,True,,50,30,30,110,102,861,937,1181,1287,0,0
431,20660933,model_selection_validation|new_external_blind|internal_test,True,,50,30,30,110,102,861,937,1181,1287,0,0
432,20660934,model_selection_validation|new_external_blind|internal_test,True,,50,30,30,110,102,861,937,1181,1287,0,0
433,20660935,model_selection_validation|new_external_blind|internal_test,True,,50,30,30,110,102,861,937,1181,1287,0,0
434,20660936,model_selection_validation|new_external_blind|internal_test,True,,50,30,30,110,102,861,937,1181,1287,0,0
435,20660937,model_selection_validation|new_external_blind|internal_test,True,,50,30,30,110,102,861,937,1181,1287,0,0
436,20660938,model_selection_validation|new_external_blind|internal_test,True,,50,30,30,110,102,861,937,1181,1287,0,0
437,20660939,model_selection_validation|new_external_blind|internal_test,True,,50,30,30,110,102,861,937,1181,1287,0,0
438,20660940,model_selection_validation|new_external_blind|internal_test,True,,50,30,30,110,102,861,937,1181,1287,0,0
439,20660941,model_selection_validation|new_external_blind|internal_test,True,,50,30,30,110,102,861,937,1181,1287,0,0
440,20660942,model_selection_validation|new_external_blind|internal_test,True,,50,30,30,110,102,861,937,1181,1287,0,0
441,20660943,model_selection_validation|new_external_blind|internal_test,True,,50,30,30,110,102,861,937,1181,1287,0,0
442,20660944,model_selection_validation|new_external_blind|internal_test,True,,50,30,30,110,102,861,937,1181,1287,0,0
443,20660945,model_selection_validation|new_external_blind|internal_test,True,,50,30,30,110,102,861,937,1181,1287,0,0
444,20660946,model_selection_validation|new_external_blind|internal_test,True,,50,30,30,110,102,861,937,1181,1287,0,0
445,20660947,model_selection_validation|new_external_blind|internal_test,True,,50,30,30,110,102,861,937,1181,1287,0,0
446,20660948,model_selection_validation|new_external_blind|internal_test,True,,50,30,30,110,102,861,937,1181,1287,0,0
447,20660949,model_selection_validation|new_external_blind|internal_test,True,,50,30,30,110,102,861,937,1181,1287,0,0
448,20660950,model_selection_validation|new_external_blind|internal_test,True,,50,30,30,110,102,861,937,1181,1287,0,0
449,20660951,model_selection_validation|new_external_blind|internal_test,True,,50,30,30,110,102,861,937,1181,1287,0,0
450,20660952,model_selection_validation|new_external_blind|internal_test,True,,50,30,30,110,102,861,937,1181,1287,0,0
451,20660953,model_selection_validation|new_external_blind|internal_test,True,,50,30,30,110,102,861,937,1181,1287,0,0
452,20660954,model_selection_validation|new_external_blind|internal_test,True,,50,30,30,110,102,861,937,1181,1287,0,0
453,20660955,model_selection_validation|new_external_blind|internal_test,True,,50,30,30,110,102,861,937,1181,1287,0,0
454,20660956,model_selection_validation|new_external_blind|internal_test,True,,50,30,30,110,102,861,937,1181,1287,0,0
455,20660957,model_selection_validation|new_external_blind|internal_test,True,,50,30,30,110,102,861,937,1181,1287,0,0
456,20660958,model_selection_validation|new_external_blind|internal_test,True,,50,30,30,110,102,861,937,1181,1287,0,0
457,20660959,model_selection_validation|new_external_blind|internal_test,True,,50,30,30,110,102,861,937,1181,1287,0,0
458,20660960,model_selection_validation|new_external_blind|internal_test,True,,50,30,30,110,102,861,937,1181,1287,0,0
459,20660961,model_selection_validation|new_external_blind|internal_test,True,,50,30,30,110,102,861,937,1181,1287,0,0
460,20660962,model_selection_validation|new_external_blind|internal_test,True,,50,30,30,110,102,861,937,1181,1287,0,0
461,20660963,model_selection_validation|new_external_blind|internal_test,True,,50,30,30,110,102,861,937,1181,1287,0,0
462,20660964,model_selection_validation|new_external_blind|internal_test,True,,50,30,30,110,102,861,937,1181,1287,0,0
463,20660965,model_selection_validation|new_external_blind|internal_test,True,,50,30,30,110,102,861,937,1181,1287,0,0
464,20660966,model_selection_validation|new_external_blind|internal_test,True,,50,30,30,110,102,861,937,1181,1287,0,0
465,20660967,model_selection_validation|new_external_blind|internal_test,True,,50,30,30,110,102,861,937,1181,1287,0,0
466,20660968,model_selection_validation|new_external_blind|internal_test,True,,50,30,30,110,102,861,937,1181,1287,0,0
467,20660969,model_selection_validation|new_external_blind|internal_test,True,,50,30,30,110,102,861,937,1181,1287,0,0
468,20660970,model_selection_validation|new_external_blind|internal_test,True,,50,30,30,110,102,861,937,1181,1287,0,0
469,20660971,model_selection_validation|new_external_blind|internal_test,True,,50,30,30,110,102,861,937,1181,1287,0,0
470,20660972,model_selection_validation|new_external_blind|internal_test,True,,50,30,30,110,102,861,937,1181,1287,0,0
471,20660973,model_selection_validation|new_external_blind|internal_test,True,,50,30,30,110,102,861,937,1181,1287,0,0
472,20660974,model_selection_validation|new_external_blind|internal_test,True,,50,30,30,110,102,861,937,1181,1287,0,0
473,20660975,model_selection_validation|new_external_blind|internal_test,True,,50,30,30,110,102,861,937,1181,1287,0,0
474,20660976,model_selection_validation|new_external_blind|internal_test,True,,50,30,30,110,102,861,937,1181,1287,0,0
475,20660977,model_selection_validation|new_external_blind|internal_test,True,,50,30,30,110,102,861,937,1181,1287,0,0
476,20660978,model_selection_validation|new_external_blind|internal_test,True,,50,30,30,110,102,861,937,1181,1287,0,0
477,20660979,model_selection_validation|new_external_blind|internal_test,True,,50,30,30,110,102,861,937,1181,1287,0,0
478,20660980,model_selection_validation|new_external_blind|internal_test,True,,50,30,30,110,102,861,937,1181,1287,0,0
479,20660981,model_selection_validation|new_external_blind|internal_test,True,,50,30,30,110,102,861,937,1181,1287,0,0
480,20660982,model_selection_validation|new_external_blind|internal_test,True,,50,30,30,110,102,861,937,1181,1287,0,0
481,20660983,model_selection_validation|new_external_blind|internal_test,True,,50,30,30,110,102,861,937,1181,1287,0,0
482,20660984,model_selection_validation|new_external_blind|internal_test,True,,50,30,30,110,102,861,937,1181,1287,0,0
483,20660985,model_selection_validation|new_external_blind|internal_test,True,,50,30,30,110,102,861,937,1181,1287,0,0
484,20660986,model_selection_validation|new_external_blind|internal_test,True,,50,30,30,110,102,861,937,1181,1287,0,0
485,20660987,model_selection_validation|new_external_blind|internal_test,True,,50,30,30,110,102,861,937,1181,1287,0,0
486,20660988,model_selection_validation|new_external_blind|internal_test,True,,50,30,30,110,102,861,937,1181,1287,0,0
487,20660989,model_selection_validation|new_external_blind|internal_test,True,,50,30,30,110,102,861,937,1181,1287,0,0
488,20660990,model_selection_validation|new_external_blind|internal_test,True,,50,30,30,110,102,861,937,1181,1287,0,0
489,20660991,model_selection_validation|new_external_blind|internal_test,True,,50,30,30,110,102,861,937,1181,1287,0,0
490,20660992,model_selection_validation|new_external_blind|internal_test,True,,50,30,30,110,102,861,937,1181,1287,0,0
491,20660993,model_selection_validation|new_external_blind|internal_test,True,,50,30,30,110,102,861,937,1181,1287,0,0
492,20660994,model_selection_validation|new_external_blind|internal_test,True,,50,30,30,110,102,861,937,1181,1287,0,0
493,20660995,model_selection_validation|new_external_blind|internal_test,True,,50,30,30,110,102,861,937,1181,1287,0,0
494,20660996,model_selection_validation|new_external_blind|internal_test,True,,50,30,30,110,102,861,937,1181,1287,0,0
495,20660997,model_selection_validation|new_external_blind|internal_test,True,,50,30,30,110,102,861,937,1181,1287,0,0
496,20660998,model_selection_validation|new_external_blind|internal_test,True,,50,30,30,110,102,861,937,1181,1287,0,0
497,20660999,model_selection_validation|new_external_blind|internal_test,True,,50,30,30,110,102,861,937,1181,1287,0,0
498,20661000,model_selection_validation|new_external_blind|internal_test,True,,50,30,30,110,102,861,937,1181,1287,0,0
499,20661001,model_selection_validation|new_external_blind|internal_test,True,,50,30,30,110,102,861,937,1181,1287,0,0
500,20760902,model_selection_validation|internal_test|new_external_blind,True,,50,30,30,110,100,841,913,1205,1311,0,0
501,20760903,model_selection_validation|internal_test|new_external_blind,True,,50,30,30,110,100,841,913,1205,1311,0,0
502,20760904,model_selection_validation|internal_test|new_external_blind,True,,50,30,30,110,100,841,913,1205,1311,0,0
503,20760905,model_selection_validation|internal_test|new_external_blind,True,,50,30,30,110,100,841,913,1205,1311,0,0
504,20760906,model_selection_validation|internal_test|new_external_blind,True,,50,30,30,110,100,841,913,1205,1311,0,0
505,20760907,model_selection_validation|internal_test|new_external_blind,True,,50,30,30,110,100,841,913,1205,1311,0,0
506,20760908,model_selection_validation|internal_test|new_external_blind,True,,50,30,30,110,100,841,913,1205,1311,0,0
507,20760909,model_selection_validation|internal_test|new_external_blind,True,,50,30,30,110,100,841,913,1205,1311,0,0
508,20760910,model_selection_validation|internal_test|new_external_blind,True,,50,30,30,110,100,841,913,1205,1311,0,0
509,20760911,model_selection_validation|internal_test|new_external_blind,True,,50,30,30,110,100,841,913,1205,1311,0,0
510,20760912,model_selection_validation|internal_test|new_external_blind,True,,50,30,30,110,100,841,913,1205,1311,0,0
511,20760913,model_selection_validation|internal_test|new_external_blind,True,,50,30,30,110,100,841,913,1205,1311,0,0
512,20760914,model_selection_validation|internal_test|new_external_blind,True,,50,30,30,110,100,841,913,1205,1311,0,0
513,20760915,model_selection_validation|internal_test|new_external_blind,True,,50,30,30,110,100,841,913,1205,1311,0,0
514,20760916,model_selection_validation|internal_test|new_external_blind,True,,50,30,30,110,100,841,913,1205,1311,0,0
515,20760917,model_selection_validation|internal_test|new_external_blind,True,,50,30,30,110,100,841,913,1205,1311,0,0
516,20760918,model_selection_validation|internal_test|new_external_blind,True,,50,30,30,110,100,841,913,1205,1311,0,0
517,20760919,model_selection_validation|internal_test|new_external_blind,True,,50,30,30,110,100,841,913,1205,1311,0,0
518,20760920,model_selection_validation|internal_test|new_external_blind,True,,50,30,30,110,100,841,913,1205,1311,0,0
519,20760921,model_selection_validation|internal_test|new_external_blind,True,,50,30,30,110,100,841,913,1205,1311,0,0
520,20760922,model_selection_validation|internal_test|new_external_blind,True,,50,30,30,110,100,841,913,1205,1311,0,0
521,20760923,model_selection_validation|internal_test|new_external_blind,True,,50,30,30,110,100,841,913,1205,1311,0,0
522,20760924,model_selection_validation|internal_test|new_external_blind,True,,50,30,30,110,100,841,913,1205,1311,0,0
523,20760925,model_selection_validation|internal_test|new_external_blind,True,,50,30,30,110,100,841,913,1205,1311,0,0
524,20760926,model_selection_validation|internal_test|new_external_blind,True,,50,30,30,110,100,841,913,1205,1311,0,0
525,20760927,model_selection_validation|internal_test|new_external_blind,True,,50,30,30,110,100,841,913,1205,1311,0,0
526,20760928,model_selection_validation|internal_test|new_external_blind,True,,50,30,30,110,100,841,913,1205,1311,0,0
527,20760929,model_selection_validation|internal_test|new_external_blind,True,,50,30,30,110,100,841,913,1205,1311,0,0
528,20760930,model_selection_validation|internal_test|new_external_blind,True,,50,30,30,110,100,841,913,1205,1311,0,0
529,20760931,model_selection_validation|internal_test|new_external_blind,True,,50,30,30,110,100,841,913,1205,1311,0,0
530,20760932,model_selection_validation|internal_test|new_external_blind,True,,50,30,30,110,100,841,913,1205,1311,0,0
531,20760933,model_selection_validation|internal_test|new_external_blind,True,,50,30,30,110,100,841,913,1205,1311,0,0
532,20760934,model_selection_validation|internal_test|new_external_blind,True,,50,30,30,110,100,841,913,1205,1311,0,0
533,20760935,model_selection_validation|internal_test|new_external_blind,True,,50,30,30,110,100,841,913,1205,1311,0,0
534,20760936,model_selection_validation|internal_test|new_external_blind,True,,50,30,30,110,100,841,913,1205,1311,0,0
535,20760937,model_selection_validation|internal_test|new_external_blind,True,,50,30,30,110,100,841,913,1205,1311,0,0
536,20760938,model_selection_validation|internal_test|new_external_blind,True,,50,30,30,110,100,841,913,1205,1311,0,0
537,20760939,model_selection_validation|internal_test|new_external_blind,True,,50,30,30,110,100,841,913,1205,1311,0,0
538,20760940,model_selection_validation|internal_test|new_external_blind,True,,50,30,30,110,100,841,913,1205,1311,0,0
539,20760941,model_selection_validation|internal_test|new_external_blind,True,,50,30,30,110,100,841,913,1205,1311,0,0
540,20760942,model_selection_validation|internal_test|new_external_blind,True,,50,30,30,110,100,841,913,1205,1311,0,0
541,20760943,model_selection_validation|internal_test|new_external_blind,True,,50,30,30,110,100,841,913,1205,1311,0,0
542,20760944,model_selection_validation|internal_test|new_external_blind,True,,50,30,30,110,100,841,913,1205,1311,0,0
543,20760945,model_selection_validation|internal_test|new_external_blind,True,,50,30,30,110,100,841,913,1205,1311,0,0
544,20760946,model_selection_validation|internal_test|new_external_blind,True,,50,30,30,110,100,841,913,1205,1311,0,0
545,20760947,model_selection_validation|internal_test|new_external_blind,True,,50,30,30,110,100,841,913,1205,1311,0,0
546,20760948,model_selection_validation|internal_test|new_external_blind,True,,50,30,30,110,100,841,913,1205,1311,0,0
547,20760949,model_selection_validation|internal_test|new_external_blind,True,,50,30,30,110,100,841,913,1205,1311,0,0
548,20760950,model_selection_validation|internal_test|new_external_blind,True,,50,30,30,110,100,841,913,1205,1311,0,0
549,20760951,model_selection_validation|internal_test|new_external_blind,True,,50,30,30,110,100,841,913,1205,1311,0,0
550,20760952,model_selection_validation|internal_test|new_external_blind,True,,50,30,30,110,100,841,913,1205,1311,0,0
551,20760953,model_selection_validation|internal_test|new_external_blind,True,,50,30,30,110,100,841,913,1205,1311,0,0
552,20760954,model_selection_validation|internal_test|new_external_blind,True,,50,30,30,110,100,841,913,1205,1311,0,0
553,20760955,model_selection_validation|internal_test|new_external_blind,True,,50,30,30,110,100,841,913,1205,1311,0,0
554,20760956,model_selection_validation|internal_test|new_external_blind,True,,50,30,30,110,100,841,913,1205,1311,0,0
555,20760957,model_selection_validation|internal_test|new_external_blind,True,,50,30,30,110,100,841,913,1205,1311,0,0
556,20760958,model_selection_validation|internal_test|new_external_blind,True,,50,30,30,110,100,841,913,1205,1311,0,0
557,20760959,model_selection_validation|internal_test|new_external_blind,True,,50,30,30,110,100,841,913,1205,1311,0,0
558,20760960,model_selection_validation|internal_test|new_external_blind,True,,50,30,30,110,100,841,913,1205,1311,0,0
559,20760961,model_selection_validation|internal_test|new_external_blind,True,,50,30,30,110,100,841,913,1205,1311,0,0
560,20760962,model_selection_validation|internal_test|new_external_blind,True,,50,30,30,110,100,841,913,1205,1311,0,0
561,20760963,model_selection_validation|internal_test|new_external_blind,True,,50,30,30,110,100,841,913,1205,1311,0,0
562,20760964,model_selection_validation|internal_test|new_external_blind,True,,50,30,30,110,100,841,913,1205,1311,0,0
563,20760965,model_selection_validation|internal_test|new_external_blind,True,,50,30,30,110,100,841,913,1205,1311,0,0
564,20760966,model_selection_validation|internal_test|new_external_blind,True,,50,30,30,110,100,841,913,1205,1311,0,0
565,20760967,model_selection_validation|internal_test|new_external_blind,True,,50,30,30,110,100,841,913,1205,1311,0,0
566,20760968,model_selection_validation|internal_test|new_external_blind,True,,50,30,30,110,100,841,913,1205,1311,0,0
567,20760969,model_selection_validation|internal_test|new_external_blind,True,,50,30,30,110,100,841,913,1205,1311,0,0
568,20760970,model_selection_validation|internal_test|new_external_blind,True,,50,30,30,110,100,841,913,1205,1311,0,0
569,20760971,model_selection_validation|internal_test|new_external_blind,True,,50,30,30,110,100,841,913,1205,1311,0,0
570,20760972,model_selection_validation|internal_test|new_external_blind,True,,50,30,30,110,100,841,913,1205,1311,0,0
571,20760973,model_selection_validation|internal_test|new_external_blind,True,,50,30,30,110,100,841,913,1205,1311,0,0
572,20760974,model_selection_validation|internal_test|new_external_blind,True,,50,30,30,110,100,841,913,1205,1311,0,0
573,20760975,model_selection_validation|internal_test|new_external_blind,True,,50,30,30,110,100,841,913,1205,1311,0,0
574,20760976,model_selection_validation|internal_test|new_external_blind,True,,50,30,30,110,100,841,913,1205,1311,0,0
575,20760977,model_selection_validation|internal_test|new_external_blind,True,,50,30,30,110,100,841,913,1205,1311,0,0
576,20760978,model_selection_validation|internal_test|new_external_blind,True,,50,30,30,110,100,841,913,1205,1311,0,0
577,20760979,model_selection_validation|internal_test|new_external_blind,True,,50,30,30,110,100,841,913,1205,1311,0,0
578,20760980,model_selection_validation|internal_test|new_external_blind,True,,50,30,30,110,100,841,913,1205,1311,0,0
579,20760981,model_selection_validation|internal_test|new_external_blind,True,,50,30,30,110,100,841,913,1205,1311,0,0
580,20760982,model_selection_validation|internal_test|new_external_blind,True,,50,30,30,110,100,841,913,1205,1311,0,0
581,20760983,model_selection_validation|internal_test|new_external_blind,True,,50,30,30,110,100,841,913,1205,1311,0,0
582,20760984,model_selection_validation|internal_test|new_external_blind,True,,50,30,30,110,100,841,913,1205,1311,0,0
583,20760985,model_selection_validation|internal_test|new_external_blind,True,,50,30,30,110,100,841,913,1205,1311,0,0
584,20760986,model_selection_validation|internal_test|new_external_blind,True,,50,30,30,110,100,841,913,1205,1311,0,0
585,20760987,model_selection_validation|internal_test|new_external_blind,True,,50,30,30,110,100,841,913,1205,1311,0,0
586,20760988,model_selection_validation|internal_test|new_external_blind,True,,50,30,30,110,100,841,913,1205,1311,0,0
587,20760989,model_selection_validation|internal_test|new_external_blind,True,,50,30,30,110,100,841,913,1205,1311,0,0
588,20760990,model_selection_validation|internal_test|new_external_blind,True,,50,30,30,110,100,841,913,1205,1311,0,0
589,20760991,model_selection_validation|internal_test|new_external_blind,True,,50,30,30,110,100,841,913,1205,1311,0,0
590,20760992,model_selection_validation|internal_test|new_external_blind,True,,50,30,30,110,100,841,913,1205,1311,0,0
591,20760993,model_selection_validation|internal_test|new_external_blind,True,,50,30,30,110,100,841,913,1205,1311,0,0
592,20760994,model_selection_validation|internal_test|new_external_blind,True,,50,30,30,110,100,841,913,1205,1311,0,0
593,20760995,model_selection_validation|internal_test|new_external_blind,True,,50,30,30,110,100,841,913,1205,1311,0,0
594,20760996,model_selection_validation|internal_test|new_external_blind,True,,50,30,30,110,100,841,913,1205,1311,0,0
595,20760997,model_selection_validation|internal_test|new_external_blind,True,,50,30,30,110,100,841,913,1205,1311,0,0
596,20760998,model_selection_validation|internal_test|new_external_blind,True,,50,30,30,110,100,841,913,1205,1311,0,0
597,20760999,model_selection_validation|internal_test|new_external_blind,True,,50,30,30,110,100,841,913,1205,1311,0,0
598,20761000,model_selection_validation|internal_test|new_external_blind,True,,50,30,30,110,100,841,913,1205,1311,0,0
599,20761001,model_selection_validation|internal_test|new_external_blind,True,,50,30,30,110,100,841,913,1205,1311,0,0
