seed,epoch,train_standardized_mse,validation_standardized_mse,validation_h_standardized_mse,validation_n_standardized_mse,improved,best_epoch_so_far,best_validation_standardized_mse_so_far,epochs_without_improvement,training_source
20250830,1,0.9494501333377057,0.8318154811859131,0.8307915925979614,0.8328394293785095,True,1,0.8318154811859131,0,trained_in_this_run
20250830,2,0.80761804296989,0.7219830751419067,0.7900946140289307,0.6538715958595276,True,2,0.7219830751419067,0,trained_in_this_run
20250830,3,0.72923777174002,0.7061713337898254,0.773516833782196,0.6388258337974548,True,3,0.7061713337898254,0,trained_in_this_run
20250830,4,0.7064169017839963,0.6926078796386719,0.7667852640151978,0.618430495262146,True,4,0.6926078796386719,0,trained_in_this_run
20250830,5,0.6852784743924397,0.6912910342216492,0.7541661858558655,0.6284158825874329,True,5,0.6912910342216492,0,trained_in_this_run
20250830,6,0.6764902680958643,0.6929404139518738,0.7585077285766602,0.6273730397224426,False,5,0.6912910342216492,1,trained_in_this_run
20250830,7,0.6631840051419918,0.6978549957275391,0.7650274634361267,0.6306824088096619,False,5,0.6912910342216492,2,trained_in_this_run
20250830,8,0.6532878293365404,0.687677800655365,0.7552074193954468,0.6201481819152832,True,8,0.687677800655365,0,trained_in_this_run
20250830,9,0.6384092970019705,0.6832540035247803,0.7483391165733337,0.6181688904762268,True,9,0.6832540035247803,0,trained_in_this_run
20250830,10,0.6325467221554119,0.6936561465263367,0.759638786315918,0.6276735663414001,False,9,0.6832540035247803,1,trained_in_this_run
20250830,11,0.6177491530907366,0.6886171102523804,0.7590458989143372,0.6181883215904236,False,9,0.6832540035247803,2,trained_in_this_run
20250830,12,0.6112250702642431,0.702933132648468,0.770092785358429,0.6357733607292175,False,9,0.6832540035247803,3,trained_in_this_run
20250830,13,0.6020844266693386,0.6887897849082947,0.7532067894935608,0.6243727803230286,False,9,0.6832540035247803,4,trained_in_this_run
20250830,14,0.597378347814331,0.6956405639648438,0.7628791928291321,0.6284021139144897,False,9,0.6832540035247803,5,trained_in_this_run
20250830,15,0.5815790441217428,0.6995923519134521,0.7685415744781494,0.6306430101394653,False,9,0.6832540035247803,6,trained_in_this_run
20250830,16,0.5727549162974438,0.7151249051094055,0.7875056266784668,0.6427441835403442,False,9,0.6832540035247803,7,trained_in_this_run
20250830,17,0.5603193711584229,0.7176253199577332,0.7887536883354187,0.6464969515800476,False,9,0.6832540035247803,8,trained_in_this_run
20250830,18,0.5527763272628359,0.7233738303184509,0.8005450963973999,0.646202564239502,False,9,0.6832540035247803,9,trained_in_this_run
20250830,19,0.5455437299516501,0.7240132093429565,0.8057475090026855,0.6422789096832275,False,9,0.6832540035247803,10,trained_in_this_run
20250830,20,0.5378777926384104,0.7269341945648193,0.8016102313995361,0.6522582769393921,False,9,0.6832540035247803,11,trained_in_this_run
20250830,21,0.5310328512090268,0.7243885397911072,0.7993065118789673,0.6494705677032471,False,9,0.6832540035247803,12,trained_in_this_run
20250830,22,0.5126204358823641,0.7365235686302185,0.8293487429618835,0.6436982750892639,False,9,0.6832540035247803,13,trained_in_this_run
20250830,23,0.5162425234098512,0.7354462146759033,0.8205663561820984,0.6503259539604187,False,9,0.6832540035247803,14,trained_in_this_run
20250830,24,0.5036718552449212,0.7381053566932678,0.8253448009490967,0.6508659720420837,False,9,0.6832540035247803,15,trained_in_this_run
20250830,25,0.49824043999847506,0.7456068396568298,0.8283210396766663,0.6628925204277039,False,9,0.6832540035247803,16,trained_in_this_run
20250830,26,0.4899944429704478,0.7561288475990295,0.8490197658538818,0.6632380485534668,False,9,0.6832540035247803,17,trained_in_this_run
20250830,27,0.4770737004105628,0.7665172219276428,0.8683051466941833,0.6647293567657471,False,9,0.6832540035247803,18,trained_in_this_run
20250830,28,0.47340439424307795,0.7638315558433533,0.8626035451889038,0.6650595664978027,False,9,0.6832540035247803,19,trained_in_this_run
20250830,29,0.47371273619768206,0.7762598395347595,0.8753605484962463,0.6771592497825623,False,9,0.6832540035247803,20,trained_in_this_run
20250831,1,0.962779736372153,0.8591006994247437,0.8254448175430298,0.8927566409111023,True,1,0.8591006994247437,0,trained_in_this_run
20250831,2,0.819104415732415,0.7271629571914673,0.7897008061408997,0.6646251678466797,True,2,0.7271629571914673,0,trained_in_this_run
20250831,3,0.7332039238132615,0.7036526799201965,0.7684016823768616,0.6389036178588867,True,3,0.7036526799201965,0,trained_in_this_run
20250831,4,0.7040924102875826,0.6931827068328857,0.7545877695083618,0.6317775249481201,True,4,0.6931827068328857,0,trained_in_this_run
20250831,5,0.6895941022369046,0.6776374578475952,0.7343974113464355,0.6208775639533997,True,5,0.6776374578475952,0,trained_in_this_run
20250831,6,0.6742846263678205,0.6746523380279541,0.7260258793830872,0.623278796672821,True,6,0.6746523380279541,0,trained_in_this_run
20250831,7,0.656068303889172,0.6769505739212036,0.7294462323188782,0.6244547963142395,False,6,0.6746523380279541,1,trained_in_this_run
20250831,8,0.6467525677991829,0.6724389791488647,0.7245223522186279,0.6203556060791016,True,8,0.6724389791488647,0,trained_in_this_run
20250831,9,0.6375978400321445,0.674668550491333,0.7285542488098145,0.620782732963562,False,8,0.6724389791488647,1,trained_in_this_run
20250831,10,0.6334006192679019,0.6816140413284302,0.7338842153549194,0.6293438076972961,False,8,0.6724389791488647,2,trained_in_this_run
20250831,11,0.6182323083016354,0.6848865747451782,0.7475386261940002,0.622234582901001,False,8,0.6724389791488647,3,trained_in_this_run
20250831,12,0.6055837150482851,0.6938309073448181,0.75052410364151,0.6371375918388367,False,8,0.6724389791488647,4,trained_in_this_run
20250831,13,0.5986377538172394,0.6906461119651794,0.7607076168060303,0.6205846071243286,False,8,0.6724389791488647,5,trained_in_this_run
20250831,14,0.590066569429972,0.7003251910209656,0.7497016787528992,0.6509487628936768,False,8,0.6724389791488647,6,trained_in_this_run
20250831,15,0.576181119444484,0.7018480896949768,0.7552034258842468,0.648492693901062,False,8,0.6724389791488647,7,trained_in_this_run
20250831,16,0.5711158031674246,0.7058423757553101,0.7591429352760315,0.6525418758392334,False,8,0.6724389791488647,8,trained_in_this_run
20250831,17,0.5551656378736992,0.7086483836174011,0.7651644945144653,0.6521322727203369,False,8,0.6724389791488647,9,trained_in_this_run
20250831,18,0.5456726815029248,0.7053076028823853,0.7660028338432312,0.6446123123168945,False,8,0.6724389791488647,10,trained_in_this_run
20250831,19,0.5411875629988087,0.7194287776947021,0.7735612988471985,0.6652963757514954,False,8,0.6724389791488647,11,trained_in_this_run
20250831,20,0.5358461287797598,0.7034647464752197,0.760362446308136,0.646567165851593,False,8,0.6724389791488647,12,trained_in_this_run
20250831,21,0.5222575988663268,0.7172861099243164,0.7776623964309692,0.6569099426269531,False,8,0.6724389791488647,13,trained_in_this_run
20250831,22,0.5203135701070782,0.7314090132713318,0.7912413477897644,0.671576738357544,False,8,0.6724389791488647,14,trained_in_this_run
20250831,23,0.5125523220079227,0.7225717306137085,0.7817524075508118,0.6633909344673157,False,8,0.6724389791488647,15,trained_in_this_run
20250831,24,0.4966528292961571,0.7352831363677979,0.8128608465194702,0.6577053070068359,False,8,0.6724389791488647,16,trained_in_this_run
20250831,25,0.488113596814852,0.7432374954223633,0.8187354803085327,0.6677394509315491,False,8,0.6724389791488647,17,trained_in_this_run
20250831,26,0.4867034839965253,0.7553245425224304,0.8184767365455627,0.6921722888946533,False,8,0.6724389791488647,18,trained_in_this_run
20250831,27,0.4870770805918514,0.7392597198486328,0.8096895217895508,0.6688299179077148,False,8,0.6724389791488647,19,trained_in_this_run
20250831,28,0.4695841147045952,0.7504926919937134,0.819413959980011,0.681571364402771,False,8,0.6724389791488647,20,trained_in_this_run
20250832,1,0.9464871599494608,0.8293618559837341,0.81913822889328,0.8395854234695435,True,1,0.8293618559837341,0,trained_in_this_run
20250832,2,0.8201067743554362,0.7364968061447144,0.7903060913085938,0.6826875805854797,True,2,0.7364968061447144,0,trained_in_this_run
20250832,3,0.7437853765689889,0.7101412415504456,0.7789843082427979,0.6412981152534485,True,3,0.7101412415504456,0,trained_in_this_run
20250832,4,0.7125124628801979,0.6953093409538269,0.7559271454811096,0.6346915364265442,True,4,0.6953093409538269,0,trained_in_this_run
20250832,5,0.6964376578508628,0.6792470216751099,0.7366700768470764,0.6218239068984985,True,5,0.6792470216751099,0,trained_in_this_run
20250832,6,0.6823166220532704,0.678941547870636,0.7393918633460999,0.6184911727905273,True,6,0.678941547870636,0,trained_in_this_run
20250832,7,0.6709297854690609,0.6847266554832458,0.7422762513160706,0.6271770596504211,False,6,0.678941547870636,1,trained_in_this_run
20250832,8,0.6556078068690234,0.6871832013130188,0.749157726764679,0.6252085566520691,False,6,0.678941547870636,2,trained_in_this_run
20250832,9,0.6401780052607733,0.6851527690887451,0.7414631247520447,0.6288423538208008,False,6,0.678941547870636,3,trained_in_this_run
20250832,10,0.6338793827475119,0.6880995035171509,0.7399705052375793,0.6362284421920776,False,6,0.678941547870636,4,trained_in_this_run
20250832,11,0.6224595704908163,0.6907282471656799,0.7491086721420288,0.6323477029800415,False,6,0.678941547870636,5,trained_in_this_run
20250832,12,0.6188399405917966,0.6964064836502075,0.748816967010498,0.643996000289917,False,6,0.678941547870636,6,trained_in_this_run
20250832,13,0.5982656516054199,0.6994667649269104,0.7603613138198853,0.6385723948478699,False,6,0.678941547870636,7,trained_in_this_run
20250832,14,0.5891087735014471,0.6992093324661255,0.7528954148292542,0.645523190498352,False,6,0.678941547870636,8,trained_in_this_run
20250832,15,0.576303959061337,0.7018750309944153,0.7648251056671143,0.6389250159263611,False,6,0.678941547870636,9,trained_in_this_run
20250832,16,0.563040667586927,0.7149325609207153,0.7727493643760681,0.6571157574653625,False,6,0.678941547870636,10,trained_in_this_run
20250832,17,0.5518917709356058,0.7115167379379272,0.7765232920646667,0.6465101838111877,False,6,0.678941547870636,11,trained_in_this_run
20250832,18,0.5484622102518873,0.706125020980835,0.7681580185890198,0.6440921425819397,False,6,0.678941547870636,12,trained_in_this_run
20250832,19,0.5375488317787954,0.714884340763092,0.7817499041557312,0.6480187773704529,False,6,0.678941547870636,13,trained_in_this_run
20250832,20,0.528189935175488,0.7236592173576355,0.7866114377975464,0.6607070565223694,False,6,0.678941547870636,14,trained_in_this_run
20250832,21,0.5188685401235784,0.7263538837432861,0.7982000708580017,0.6545076966285706,False,6,0.678941547870636,15,trained_in_this_run
20250832,22,0.517108036672615,0.7122108936309814,0.7764484286308289,0.6479734182357788,False,6,0.678941547870636,16,trained_in_this_run
20250832,23,0.49985786028418233,0.7403686046600342,0.8205118179321289,0.6602251529693604,False,6,0.678941547870636,17,trained_in_this_run
20250832,24,0.49160294251851944,0.7389026880264282,0.8176293969154358,0.6601758599281311,False,6,0.678941547870636,18,trained_in_this_run
20250832,25,0.4866133613077313,0.7302153706550598,0.802640974521637,0.6577898859977722,False,6,0.678941547870636,19,trained_in_this_run
20250832,26,0.48382551468253315,0.7547067999839783,0.8381932973861694,0.6712203025817871,False,6,0.678941547870636,20,trained_in_this_run
20250833,1,0.9400515650703688,0.8125380873680115,0.8357352018356323,0.7893410325050354,True,1,0.8125380873680115,0,trained_in_this_run
20250833,2,0.7949497524581375,0.7413967251777649,0.8108900785446167,0.6719033122062683,True,2,0.7413967251777649,0,trained_in_this_run
20250833,3,0.7371028935118243,0.7224287986755371,0.7941194772720337,0.6507380604743958,True,3,0.7224287986755371,0,trained_in_this_run
20250833,4,0.7073796140598454,0.7019683718681335,0.7641832232475281,0.6397534012794495,True,4,0.7019683718681335,0,trained_in_this_run
20250833,5,0.6912939673887203,0.6975299119949341,0.757709264755249,0.6373504400253296,True,5,0.6975299119949341,0,trained_in_this_run
20250833,6,0.6788339827097575,0.6896337866783142,0.7501397132873535,0.6291279792785645,True,6,0.6896337866783142,0,trained_in_this_run
20250833,7,0.6587395132549507,0.6898677945137024,0.7459920048713684,0.6337436437606812,False,6,0.6896337866783142,1,trained_in_this_run
20250833,8,0.6514104624050698,0.705677330493927,0.7616817355155945,0.6496728658676147,False,6,0.6896337866783142,2,trained_in_this_run
20250833,9,0.6398761977317546,0.6960405707359314,0.7422504425048828,0.6498308181762695,False,6,0.6896337866783142,3,trained_in_this_run
20250833,10,0.6286061057805737,0.7068259716033936,0.7658005356788635,0.647851288318634,False,6,0.6896337866783142,4,trained_in_this_run
20250833,11,0.6190942311453459,0.7040103673934937,0.7592064738273621,0.64881432056427,False,6,0.6896337866783142,5,trained_in_this_run
20250833,12,0.6075385650243494,0.7097710967063904,0.7605792880058289,0.6589629054069519,False,6,0.6896337866783142,6,trained_in_this_run
20250833,13,0.5988456017658196,0.713477373123169,0.7734741568565369,0.653480589389801,False,6,0.6896337866783142,7,trained_in_this_run
20250833,14,0.5892727650899013,0.7120754718780518,0.7676628828048706,0.6564879417419434,False,6,0.6896337866783142,8,trained_in_this_run
20250833,15,0.5728871454400348,0.7194539308547974,0.7678190469741821,0.6710888147354126,False,6,0.6896337866783142,9,trained_in_this_run
20250833,16,0.5644791442265868,0.7213819622993469,0.7732455134391785,0.6695184707641602,False,6,0.6896337866783142,10,trained_in_this_run
20250833,17,0.547145387495137,0.7291469573974609,0.7935038208961487,0.664790153503418,False,6,0.6896337866783142,11,trained_in_this_run
20250833,18,0.5443201603418417,0.7309119701385498,0.7912269234657288,0.6705970764160156,False,6,0.6896337866783142,12,trained_in_this_run
20250833,19,0.532799140458969,0.7455949783325195,0.7999927401542664,0.6911970973014832,False,6,0.6896337866783142,13,trained_in_this_run
20250833,20,0.5268712105963961,0.735989511013031,0.8043867349624634,0.6675922274589539,False,6,0.6896337866783142,14,trained_in_this_run
20250833,21,0.5175589312734687,0.7445389628410339,0.813123345375061,0.6759544610977173,False,6,0.6896337866783142,15,trained_in_this_run
20250833,22,0.5034222742661886,0.7557340860366821,0.8301049470901489,0.6813631057739258,False,6,0.6896337866783142,16,trained_in_this_run
20250833,23,0.49676461673191297,0.7538332939147949,0.831698477268219,0.6759681701660156,False,6,0.6896337866783142,17,trained_in_this_run
20250833,24,0.49309752112059035,0.7678106427192688,0.8406668901443481,0.6949544548988342,False,6,0.6896337866783142,18,trained_in_this_run
20250833,25,0.479134438736911,0.7625593543052673,0.8367589712142944,0.6883596777915955,False,6,0.6896337866783142,19,trained_in_this_run
20250833,26,0.48013957490366704,0.7607201337814331,0.8419718742370605,0.6794682741165161,False,6,0.6896337866783142,20,trained_in_this_run
20250834,1,0.9187446284191038,0.7755741477012634,0.839627206325531,0.7115212678909302,True,1,0.7755741477012634,0,trained_in_this_run
20250834,2,0.7805290615996763,0.7308477759361267,0.8201676607131958,0.6415280103683472,True,2,0.7308477759361267,0,trained_in_this_run
20250834,3,0.7343162327940405,0.7123900055885315,0.7901514768600464,0.6346285343170166,True,3,0.7123900055885315,0,trained_in_this_run
20250834,4,0.7117008945518855,0.6973112225532532,0.7659183740615845,0.6287039518356323,True,4,0.6973112225532532,0,trained_in_this_run
20250834,5,0.6936481833636374,0.6879103779792786,0.7564906477928162,0.6193300485610962,True,5,0.6879103779792786,0,trained_in_this_run
20250834,6,0.6750043437501941,0.6894291639328003,0.749640703201294,0.6292173862457275,False,5,0.6879103779792786,1,trained_in_this_run
20250834,7,0.6693602294726001,0.6881259679794312,0.746432363986969,0.6298196911811829,False,5,0.6879103779792786,2,trained_in_this_run
20250834,8,0.6548312324841605,0.6857466697692871,0.7410982251167297,0.6303950548171997,True,8,0.6857466697692871,0,trained_in_this_run
20250834,9,0.6458634527277157,0.6783015727996826,0.7331827878952026,0.6234203577041626,True,9,0.6783015727996826,0,trained_in_this_run
20250834,10,0.6363544820272128,0.6851488947868347,0.7389526963233948,0.6313450336456299,False,9,0.6783015727996826,1,trained_in_this_run
20250834,11,0.6214905269289104,0.691503643989563,0.7469679713249207,0.6360393166542053,False,9,0.6783015727996826,2,trained_in_this_run
20250834,12,0.6143404559706087,0.6853510141372681,0.7372930645942688,0.6334089636802673,False,9,0.6783015727996826,3,trained_in_this_run
20250834,13,0.5992700121138271,0.6914704442024231,0.7439529895782471,0.6389878392219543,False,9,0.6783015727996826,4,trained_in_this_run
20250834,14,0.5933122240265891,0.6892138123512268,0.7432342767715454,0.635193407535553,False,9,0.6783015727996826,5,trained_in_this_run
20250834,15,0.5796411080664136,0.6955193877220154,0.7402754426002502,0.6507633328437805,False,9,0.6783015727996826,6,trained_in_this_run
20250834,16,0.5677506963326058,0.7071511149406433,0.7522982358932495,0.6620041131973267,False,9,0.6783015727996826,7,trained_in_this_run
20250834,17,0.5561794970409457,0.700515866279602,0.7479816675186157,0.6530500650405884,False,9,0.6783015727996826,8,trained_in_this_run
20250834,18,0.5525572387138857,0.7010383009910583,0.7487777471542358,0.6532987952232361,False,9,0.6783015727996826,9,trained_in_this_run
20250834,19,0.5408098960049672,0.7056970596313477,0.7624106407165527,0.6489835381507874,False,9,0.6783015727996826,10,trained_in_this_run
20250834,20,0.5271605969010624,0.7120203971862793,0.765056848526001,0.6589840054512024,False,9,0.6783015727996826,11,trained_in_this_run
20250834,21,0.5200573769926965,0.7325630187988281,0.8055130839347839,0.6596130132675171,False,9,0.6783015727996826,12,trained_in_this_run
20250834,22,0.5178220774783244,0.7381565570831299,0.7984514832496643,0.6778618097305298,False,9,0.6783015727996826,13,trained_in_this_run
20250834,23,0.5042037152022782,0.7359254360198975,0.7948116064071655,0.6770392060279846,False,9,0.6783015727996826,14,trained_in_this_run
20250834,24,0.4900148525306236,0.7362931966781616,0.797902524471283,0.6746839880943298,False,9,0.6783015727996826,15,trained_in_this_run
20250834,25,0.47336333948464,0.7481185793876648,0.814902126789093,0.6813348531723022,False,9,0.6783015727996826,16,trained_in_this_run
20250834,26,0.47999158927372526,0.7547999620437622,0.8148356676101685,0.6947641968727112,False,9,0.6783015727996826,17,trained_in_this_run
20250834,27,0.4707250496263851,0.766531765460968,0.8372448682785034,0.6958186626434326,False,9,0.6783015727996826,18,trained_in_this_run
20250834,28,0.4706978569723853,0.7623715400695801,0.8352569937705994,0.689486026763916,False,9,0.6783015727996826,19,trained_in_this_run
20250834,29,0.46246514910373276,0.7627508640289307,0.8361251950263977,0.6893763542175293,False,9,0.6783015727996826,20,trained_in_this_run
