bmrb_id,retrieved_at_utc,source_url,http_status,attempt_count,result,response_characters,cache_path,cache_sha256,error_type,error_message
4020,2026-08-31T00:40:46.852936+00:00,https://api.bmrb.io/v2/entry/4020?loop=Atom_chem_shift,200,1,downloaded_successfully,40124.0,benchmarks/v13_external_blind/shift_screen/raw_atom_chem_shift_json/bmr4020_atom_chem_shift.json,8855da043cbe831d581ea8d3f2bd80d20ef77cc46943cb25be5dabb69943409f,,
4120,2026-08-31T00:40:47.462311+00:00,https://api.bmrb.io/v2/entry/4120?loop=Atom_chem_shift,200,1,downloaded_successfully,85570.0,benchmarks/v13_external_blind/shift_screen/raw_atom_chem_shift_json/bmr4120_atom_chem_shift.json,af8ec95531a6261ea41459cd31af4618bf7ac342ff4f1a1ce74429e50890660b,,
4148,2026-08-31T00:40:47.979025+00:00,https://api.bmrb.io/v2/entry/4148?loop=Atom_chem_shift,200,1,downloaded_successfully,30699.0,benchmarks/v13_external_blind/shift_screen/raw_atom_chem_shift_json/bmr4148_atom_chem_shift.json,2e6d114da10dcfadd75ba63b63bfed1f09293417bf0e53ecbebe0bb5a962f68d,,
4157,2026-08-31T00:40:48.496373+00:00,https://api.bmrb.io/v2/entry/4157?loop=Atom_chem_shift,200,1,downloaded_successfully,27153.0,benchmarks/v13_external_blind/shift_screen/raw_atom_chem_shift_json/bmr4157_atom_chem_shift.json,d91a193f3e4e1eb12ada2e5cd8e3a753cd48203380bba77ac5a35d662c1dd27c,,
4172,2026-08-31T00:40:49.018107+00:00,https://api.bmrb.io/v2/entry/4172?loop=Atom_chem_shift,200,1,downloaded_successfully,41157.0,benchmarks/v13_external_blind/shift_screen/raw_atom_chem_shift_json/bmr4172_atom_chem_shift.json,4f10a88d8c38c1adb9fc7a821887d1c3f0e38eec25566a277a31bc55e0273009,,
4175,2026-08-31T00:40:49.530191+00:00,https://api.bmrb.io/v2/entry/4175?loop=Atom_chem_shift,200,1,downloaded_successfully,26743.0,benchmarks/v13_external_blind/shift_screen/raw_atom_chem_shift_json/bmr4175_atom_chem_shift.json,38f0e9fb5af6d92746e0f316168b1376b29b3ba4e13edc7bdfde2396716b5059,,
4176,2026-08-31T00:40:50.039907+00:00,https://api.bmrb.io/v2/entry/4176?loop=Atom_chem_shift,200,1,downloaded_successfully,17145.0,benchmarks/v13_external_blind/shift_screen/raw_atom_chem_shift_json/bmr4176_atom_chem_shift.json,023e6c9461dd893003660ec2d037f320fd19869ec96df144b1a15af7a760cde6,,
4181,2026-08-31T00:40:50.590965+00:00,https://api.bmrb.io/v2/entry/4181?loop=Atom_chem_shift,200,1,downloaded_successfully,80427.0,benchmarks/v13_external_blind/shift_screen/raw_atom_chem_shift_json/bmr4181_atom_chem_shift.json,771b44204e504e226363ce038c38539894b4daa0403c91a1c96c97ce49c75753,,
4182,2026-08-31T00:40:51.109384+00:00,https://api.bmrb.io/v2/entry/4182?loop=Atom_chem_shift,200,1,downloaded_successfully,39250.0,benchmarks/v13_external_blind/shift_screen/raw_atom_chem_shift_json/bmr4182_atom_chem_shift.json,86dd221acdd28b8cbc44a9e0440339b50f92cee24ff142c070e4fd6edf7068aa,,
4187,2026-08-31T00:40:51.626859+00:00,https://api.bmrb.io/v2/entry/4187?loop=Atom_chem_shift,200,1,downloaded_successfully,28697.0,benchmarks/v13_external_blind/shift_screen/raw_atom_chem_shift_json/bmr4187_atom_chem_shift.json,e7b7b2d7c47b814534ffd62e832e7f383754b020c4e9e22396a99b96bf06d780,,
4189,2026-08-31T00:40:52.186313+00:00,https://api.bmrb.io/v2/entry/4189?loop=Atom_chem_shift,200,1,downloaded_successfully,96933.0,benchmarks/v13_external_blind/shift_screen/raw_atom_chem_shift_json/bmr4189_atom_chem_shift.json,5e712bd93f969c3be0594452f873e062b311be2516d69758f9dcadfd2dc8b50c,,
4190,2026-08-31T00:40:52.703045+00:00,https://api.bmrb.io/v2/entry/4190?loop=Atom_chem_shift,200,1,downloaded_successfully,31167.0,benchmarks/v13_external_blind/shift_screen/raw_atom_chem_shift_json/bmr4190_atom_chem_shift.json,7f4dbacf50193ebcbdc64376204c14f8e7e0c754bdc60d73465f83611af5148d,,
4191,2026-08-31T00:40:53.220583+00:00,https://api.bmrb.io/v2/entry/4191?loop=Atom_chem_shift,200,1,downloaded_successfully,33346.0,benchmarks/v13_external_blind/shift_screen/raw_atom_chem_shift_json/bmr4191_atom_chem_shift.json,4dd1183b90d75beb785a9a77323f086c5ad72baea71b4448a57dff0ea466270b,,
4192,2026-08-31T00:40:53.742929+00:00,https://api.bmrb.io/v2/entry/4192?loop=Atom_chem_shift,200,1,downloaded_successfully,34896.0,benchmarks/v13_external_blind/shift_screen/raw_atom_chem_shift_json/bmr4192_atom_chem_shift.json,c95c3cb56fdccaa0a01a9efe513e40df891b8f2a1b8688fbd2ad0dbcefbd7c20,,
4194,2026-08-31T00:40:54.254180+00:00,https://api.bmrb.io/v2/entry/4194?loop=Atom_chem_shift,200,1,downloaded_successfully,20685.0,benchmarks/v13_external_blind/shift_screen/raw_atom_chem_shift_json/bmr4194_atom_chem_shift.json,a72c91bb7177da4f4304e62e01c164e2ad1b1517f9a49241f989076f7a84274b,,
4195,2026-08-31T00:40:54.791118+00:00,https://api.bmrb.io/v2/entry/4195?loop=Atom_chem_shift,200,1,downloaded_successfully,66412.0,benchmarks/v13_external_blind/shift_screen/raw_atom_chem_shift_json/bmr4195_atom_chem_shift.json,430c291c9e52e07dabf561a5c652374b002bbce1e35ab6c8e43edc1dae72e069,,
4200,2026-08-31T00:40:55.318877+00:00,https://api.bmrb.io/v2/entry/4200?loop=Atom_chem_shift,200,1,downloaded_successfully,52920.0,benchmarks/v13_external_blind/shift_screen/raw_atom_chem_shift_json/bmr4200_atom_chem_shift.json,f6b3c153093edb6d3208b8c1ef5c7d1659d12546cc3445f34c9966fa1d7b547b,,
4201,2026-08-31T00:40:55.842057+00:00,https://api.bmrb.io/v2/entry/4201?loop=Atom_chem_shift,200,1,downloaded_successfully,37451.0,benchmarks/v13_external_blind/shift_screen/raw_atom_chem_shift_json/bmr4201_atom_chem_shift.json,68719a212824cab3bd6579ca17a199fea4231eb6e21e8fb7fd0b11b335f1efea,,
4204,2026-08-31T00:40:56.390034+00:00,https://api.bmrb.io/v2/entry/4204?loop=Atom_chem_shift,200,1,downloaded_successfully,64381.0,benchmarks/v13_external_blind/shift_screen/raw_atom_chem_shift_json/bmr4204_atom_chem_shift.json,ecf0f40c0f57c749c65ae4d315051d959ea30a0467f92a99fc4b1078d73eaab1,,
4208,2026-08-31T00:40:56.918072+00:00,https://api.bmrb.io/v2/entry/4208?loop=Atom_chem_shift,200,1,downloaded_successfully,64386.0,benchmarks/v13_external_blind/shift_screen/raw_atom_chem_shift_json/bmr4208_atom_chem_shift.json,77178e0f2ec5ce34d96ce0c48d7869d48a0660f7ef7320f871889a223922883a,,
4210,2026-08-31T00:40:57.442491+00:00,https://api.bmrb.io/v2/entry/4210?loop=Atom_chem_shift,200,1,downloaded_successfully,50210.0,benchmarks/v13_external_blind/shift_screen/raw_atom_chem_shift_json/bmr4210_atom_chem_shift.json,2d8dae9eb809b26659eb1ea13a0330e0b8ca278e0d9d3c348b6db69d4b50455f,,
4211,2026-08-31T00:40:57.964518+00:00,https://api.bmrb.io/v2/entry/4211?loop=Atom_chem_shift,200,1,downloaded_successfully,34595.0,benchmarks/v13_external_blind/shift_screen/raw_atom_chem_shift_json/bmr4211_atom_chem_shift.json,e110d74f1862b6ad7bdf2e3bebbf38ca39caf822e4afb13d76133a27de8add80,,
4212,2026-08-31T00:40:58.472434+00:00,https://api.bmrb.io/v2/entry/4212?loop=Atom_chem_shift,200,1,downloaded_successfully,17014.0,benchmarks/v13_external_blind/shift_screen/raw_atom_chem_shift_json/bmr4212_atom_chem_shift.json,c1a587df5bd15d7bf8325ea2d1d548917eb25042f1da07424743eec21d6eb5e7,,
4213,2026-08-31T00:40:58.998109+00:00,https://api.bmrb.io/v2/entry/4213?loop=Atom_chem_shift,200,1,downloaded_successfully,14568.0,benchmarks/v13_external_blind/shift_screen/raw_atom_chem_shift_json/bmr4213_atom_chem_shift.json,b191231fe1b2a079092dd87188bf095b3d0139514836a9439e12e8889d9875f9,,
4218,2026-08-31T00:40:59.526070+00:00,https://api.bmrb.io/v2/entry/4218?loop=Atom_chem_shift,200,1,downloaded_successfully,53875.0,benchmarks/v13_external_blind/shift_screen/raw_atom_chem_shift_json/bmr4218_atom_chem_shift.json,a4be86ad4044dd418e967b9189450c80fa82b58dcf6fc805d268fb78abeed452,,
4219,2026-08-31T00:41:00.040064+00:00,https://api.bmrb.io/v2/entry/4219?loop=Atom_chem_shift,200,1,downloaded_successfully,30123.0,benchmarks/v13_external_blind/shift_screen/raw_atom_chem_shift_json/bmr4219_atom_chem_shift.json,55800bc9bc49717045e135adcaa8b8fa62062f67a970892ccfd78a8345b93f7c,,
4220,2026-08-31T00:41:00.559209+00:00,https://api.bmrb.io/v2/entry/4220?loop=Atom_chem_shift,200,1,downloaded_successfully,24569.0,benchmarks/v13_external_blind/shift_screen/raw_atom_chem_shift_json/bmr4220_atom_chem_shift.json,f67512c9e2f3c3ee51c90680ad548b3adafa13723e905a3f04734c0ae44764c0,,
4221,2026-08-31T00:41:01.075029+00:00,https://api.bmrb.io/v2/entry/4221?loop=Atom_chem_shift,200,1,downloaded_successfully,29080.0,benchmarks/v13_external_blind/shift_screen/raw_atom_chem_shift_json/bmr4221_atom_chem_shift.json,d7044b26e12c252b1de858067e8f61cb417ce973409023c7cd6f736e539cb734,,
4226,2026-08-31T00:41:01.623130+00:00,https://api.bmrb.io/v2/entry/4226?loop=Atom_chem_shift,200,1,downloaded_successfully,77444.0,benchmarks/v13_external_blind/shift_screen/raw_atom_chem_shift_json/bmr4226_atom_chem_shift.json,2242ca33ae9d8304f860dc47b30596d66666661c0a3ef0798d2525bde684fdef,,
4229,2026-08-31T00:41:02.163844+00:00,https://api.bmrb.io/v2/entry/4229?loop=Atom_chem_shift,200,1,downloaded_successfully,81911.0,benchmarks/v13_external_blind/shift_screen/raw_atom_chem_shift_json/bmr4229_atom_chem_shift.json,5b34cfe8324935a75130fe0addb80e03ea4a0595bc79e8935b86efd1aff3b5bc,,
4231,2026-08-31T00:41:02.708012+00:00,https://api.bmrb.io/v2/entry/4231?loop=Atom_chem_shift,200,1,downloaded_successfully,89268.0,benchmarks/v13_external_blind/shift_screen/raw_atom_chem_shift_json/bmr4231_atom_chem_shift.json,1d9b771caef168eb70ab5dd6250f3714121370df88f0453a8db351c262155b5f,,
4232,2026-08-31T00:41:03.296062+00:00,https://api.bmrb.io/v2/entry/4232?loop=Atom_chem_shift,200,1,downloaded_successfully,165375.0,benchmarks/v13_external_blind/shift_screen/raw_atom_chem_shift_json/bmr4232_atom_chem_shift.json,5a002d752b8cd8a098303cab73ff7e47a5e20b9f5d190ac45557f8e210a67bca,,
4235,2026-08-31T00:41:03.791870+00:00,https://api.bmrb.io/v2/entry/4235?loop=Atom_chem_shift,200,1,downloaded_successfully,12914.0,benchmarks/v13_external_blind/shift_screen/raw_atom_chem_shift_json/bmr4235_atom_chem_shift.json,67a0c2f5058d14130c92d909983403c8e63cba08383119b18d215940cc49efcc,,
4243,2026-08-31T00:41:04.300280+00:00,https://api.bmrb.io/v2/entry/4243?loop=Atom_chem_shift,200,1,downloaded_successfully,12880.0,benchmarks/v13_external_blind/shift_screen/raw_atom_chem_shift_json/bmr4243_atom_chem_shift.json,8a0a9d17b25092e48149d5a49ced087c748657bba17ba9145bfe8d59050b2852,,
4244,2026-08-31T00:41:04.815722+00:00,https://api.bmrb.io/v2/entry/4244?loop=Atom_chem_shift,200,1,downloaded_successfully,14184.0,benchmarks/v13_external_blind/shift_screen/raw_atom_chem_shift_json/bmr4244_atom_chem_shift.json,8597f34d033c8161d66874a853aae099631a48edd1c7701de495379dbd1ddeb4,,
4246,2026-08-31T00:41:05.331581+00:00,https://api.bmrb.io/v2/entry/4246?loop=Atom_chem_shift,200,1,downloaded_successfully,27086.0,benchmarks/v13_external_blind/shift_screen/raw_atom_chem_shift_json/bmr4246_atom_chem_shift.json,daf5ed66b8255e75ac85786e3aa3e713105f35c479b0147f8d779d283474c9d9,,
4250,2026-08-31T00:41:05.846126+00:00,https://api.bmrb.io/v2/entry/4250?loop=Atom_chem_shift,200,1,downloaded_successfully,20606.0,benchmarks/v13_external_blind/shift_screen/raw_atom_chem_shift_json/bmr4250_atom_chem_shift.json,522eb3d1d9969bf74ff43ab2bab09901f83d1c934ac5334f942e7c7b86506dfa,,
4257,2026-08-31T00:41:06.380105+00:00,https://api.bmrb.io/v2/entry/4257?loop=Atom_chem_shift,200,1,downloaded_successfully,52997.0,benchmarks/v13_external_blind/shift_screen/raw_atom_chem_shift_json/bmr4257_atom_chem_shift.json,a41a8a4d1502b0ac9a1a1ed5cb5f00652658afbe55f1990fb8836af3738afc35,,
4260,2026-08-31T00:41:06.897359+00:00,https://api.bmrb.io/v2/entry/4260?loop=Atom_chem_shift,200,1,downloaded_successfully,28894.0,benchmarks/v13_external_blind/shift_screen/raw_atom_chem_shift_json/bmr4260_atom_chem_shift.json,8838c6ae6a8ed357a88feac541e30d0963fcbc2e829c962ba73ff7046c72fd60,,
4261,2026-08-31T00:41:07.415349+00:00,https://api.bmrb.io/v2/entry/4261?loop=Atom_chem_shift,200,1,downloaded_successfully,28894.0,benchmarks/v13_external_blind/shift_screen/raw_atom_chem_shift_json/bmr4261_atom_chem_shift.json,f4841b4139798e09155452e4e9cc12d7cfb63f31daf8399ad916e41b105211c9,,
4264,2026-08-31T00:41:08.754484+00:00,https://api.bmrb.io/v2/entry/4264?loop=Atom_chem_shift,200,1,downloaded_successfully,718989.0,benchmarks/v13_external_blind/shift_screen/raw_atom_chem_shift_json/bmr4264_atom_chem_shift.json,dd392c611213950ccf432a0e47fdca52ad981431b27c23f106ab5729de232b9b,,
4268,2026-08-31T00:41:23.477960+00:00,https://api.bmrb.io/v2/entry/4268?loop=Atom_chem_shift,200,1,downloaded_successfully,56725.0,benchmarks/v13_external_blind/shift_screen/raw_atom_chem_shift_json/bmr4268_atom_chem_shift.json,21dfba9e7218fbf5e98038d8ac70d342d11d52d431ecc686d2e4e777ce51d1e6,,
4292,2026-08-31T00:41:23.987220+00:00,https://api.bmrb.io/v2/entry/4292?loop=Atom_chem_shift,200,1,downloaded_successfully,20384.0,benchmarks/v13_external_blind/shift_screen/raw_atom_chem_shift_json/bmr4292_atom_chem_shift.json,4efc5b544287ecc120fc4f4a70878c578fb96917d83b4eb6a6766cd0d962a27b,,
4347,2026-08-31T00:41:24.510127+00:00,https://api.bmrb.io/v2/entry/4347?loop=Atom_chem_shift,200,1,downloaded_successfully,37718.0,benchmarks/v13_external_blind/shift_screen/raw_atom_chem_shift_json/bmr4347_atom_chem_shift.json,29aeef4b413a91f2cc669d17a2832d1076cdbf9b1703c138c47d8666c1e3b2ec,,
4351,2026-08-31T00:41:25.024580+00:00,https://api.bmrb.io/v2/entry/4351?loop=Atom_chem_shift,200,1,downloaded_successfully,32937.0,benchmarks/v13_external_blind/shift_screen/raw_atom_chem_shift_json/bmr4351_atom_chem_shift.json,e10eca12e49454ef4279799969e6791115280c579230048fddd54c7f2be159c9,,
4372,2026-08-31T00:41:25.532552+00:00,https://api.bmrb.io/v2/entry/4372?loop=Atom_chem_shift,200,1,downloaded_successfully,16014.0,benchmarks/v13_external_blind/shift_screen/raw_atom_chem_shift_json/bmr4372_atom_chem_shift.json,a7769b1d964554106ce2a9a7faf8eac9dfcb7d09c38216a606a56eb40593ce1d,,
4373,2026-08-31T00:41:26.104376+00:00,https://api.bmrb.io/v2/entry/4373?loop=Atom_chem_shift,200,1,downloaded_successfully,136406.0,benchmarks/v13_external_blind/shift_screen/raw_atom_chem_shift_json/bmr4373_atom_chem_shift.json,37d0aa0415e751079dc1540b48bba20b596d4ee76b752c80a86e1f222a489290,,
4378,2026-08-31T00:41:27.009697+00:00,https://api.bmrb.io/v2/entry/4378?loop=Atom_chem_shift,200,1,downloaded_successfully,272988.0,benchmarks/v13_external_blind/shift_screen/raw_atom_chem_shift_json/bmr4378_atom_chem_shift.json,85e53ab53c901829e7c91c3df42a533f7ab59d5d391d2e76b5fe996ffdf88432,,
4386,2026-08-31T00:41:28.320575+00:00,https://api.bmrb.io/v2/entry/4386?loop=Atom_chem_shift,200,1,downloaded_successfully,259512.0,benchmarks/v13_external_blind/shift_screen/raw_atom_chem_shift_json/bmr4386_atom_chem_shift.json,09d52f3c8af4beaf70f972aa35ecf54f6cf8a80564c2cc6ef1b23e07f86a4618,,
4387,2026-08-31T00:41:29.111354+00:00,https://api.bmrb.io/v2/entry/4387?loop=Atom_chem_shift,200,1,downloaded_successfully,23246.0,benchmarks/v13_external_blind/shift_screen/raw_atom_chem_shift_json/bmr4387_atom_chem_shift.json,4e1eaa3366e339a20688253066e030df1086f1d10eb8f04f72fcc02fdd05dec3,,
4391,2026-08-31T00:41:29.663859+00:00,https://api.bmrb.io/v2/entry/4391?loop=Atom_chem_shift,200,1,downloaded_successfully,91849.0,benchmarks/v13_external_blind/shift_screen/raw_atom_chem_shift_json/bmr4391_atom_chem_shift.json,b697074857dd788fa5c00def95aa75eb0d0f1dee4c7391d695e7d511ca7653e2,,
4392,2026-08-31T00:41:30.170019+00:00,https://api.bmrb.io/v2/entry/4392?loop=Atom_chem_shift,200,1,downloaded_successfully,15211.0,benchmarks/v13_external_blind/shift_screen/raw_atom_chem_shift_json/bmr4392_atom_chem_shift.json,cc4e0135f193cfb55f5229939c89ae3b22796e05eb8e6c8a1d9d0b17ad67fb61,,
4394,2026-08-31T00:41:30.741826+00:00,https://api.bmrb.io/v2/entry/4394?loop=Atom_chem_shift,200,1,downloaded_successfully,137551.0,benchmarks/v13_external_blind/shift_screen/raw_atom_chem_shift_json/bmr4394_atom_chem_shift.json,04880362378deb025feee871bed88eade8dd4545a2e49bc61bb2bd8bc68310eb,,
4395,2026-08-31T00:41:31.327639+00:00,https://api.bmrb.io/v2/entry/4395?loop=Atom_chem_shift,200,1,downloaded_successfully,160503.0,benchmarks/v13_external_blind/shift_screen/raw_atom_chem_shift_json/bmr4395_atom_chem_shift.json,d6902b353e836f5a7aea773f945f27a87ded18c18b9288075ba366aeef2881a3,,
4396,2026-08-31T00:41:31.872386+00:00,https://api.bmrb.io/v2/entry/4396?loop=Atom_chem_shift,200,1,downloaded_successfully,84736.0,benchmarks/v13_external_blind/shift_screen/raw_atom_chem_shift_json/bmr4396_atom_chem_shift.json,eb5fca809742768d61ffb79e820e6159c3ea503b8c0dbbc339cd88d281f174f2,,
4397,2026-08-31T00:41:32.434635+00:00,https://api.bmrb.io/v2/entry/4397?loop=Atom_chem_shift,200,1,downloaded_successfully,122051.0,benchmarks/v13_external_blind/shift_screen/raw_atom_chem_shift_json/bmr4397_atom_chem_shift.json,f417f2bb61b310993ba28c151cbf4e677a8e9af6735e47865f06c4262d867d2d,,
4398,2026-08-31T00:41:32.936581+00:00,https://api.bmrb.io/v2/entry/4398?loop=Atom_chem_shift,200,1,downloaded_successfully,15164.0,benchmarks/v13_external_blind/shift_screen/raw_atom_chem_shift_json/bmr4398_atom_chem_shift.json,2471915d0a62eb0c26f44cde6d7f8f54f2a6689fdc917084a90d5042d8481616,,
4399,2026-08-31T00:41:33.443349+00:00,https://api.bmrb.io/v2/entry/4399?loop=Atom_chem_shift,200,1,downloaded_successfully,9246.0,benchmarks/v13_external_blind/shift_screen/raw_atom_chem_shift_json/bmr4399_atom_chem_shift.json,48e8f12601f560a4715776af0430e752de463ca00e98cfaf09ee6e7dfec2bd13,,
4400,2026-08-31T00:41:33.964463+00:00,https://api.bmrb.io/v2/entry/4400?loop=Atom_chem_shift,200,1,downloaded_successfully,34782.0,benchmarks/v13_external_blind/shift_screen/raw_atom_chem_shift_json/bmr4400_atom_chem_shift.json,3376ade727e94c667a34246025db9a054d70534cf74a332fe9c778f6efe78f1d,,
4401,2026-08-31T00:41:34.540744+00:00,https://api.bmrb.io/v2/entry/4401?loop=Atom_chem_shift,200,1,downloaded_successfully,133085.0,benchmarks/v13_external_blind/shift_screen/raw_atom_chem_shift_json/bmr4401_atom_chem_shift.json,bd02e7bde11ce9ade7c0149a5ec22ed8c29955d6f321c257005e773df4a7b682,,
4405,2026-08-31T00:41:35.109559+00:00,https://api.bmrb.io/v2/entry/4405?loop=Atom_chem_shift,200,1,downloaded_successfully,144756.0,benchmarks/v13_external_blind/shift_screen/raw_atom_chem_shift_json/bmr4405_atom_chem_shift.json,0e13dbcb9aff3a69e6e0481818006c2f08209d27e4e3321a67470b95ce1092b8,,
4406,2026-08-31T00:41:35.606866+00:00,https://api.bmrb.io/v2/entry/4406?loop=Atom_chem_shift,200,1,downloaded_successfully,6957.0,benchmarks/v13_external_blind/shift_screen/raw_atom_chem_shift_json/bmr4406_atom_chem_shift.json,332ace22255db187afaf59bf94574e21cb4e8471daec7dc5524f94ee811b721e,,
4407,2026-08-31T00:41:36.450325+00:00,https://api.bmrb.io/v2/entry/4407?loop=Atom_chem_shift,200,1,downloaded_successfully,203080.0,benchmarks/v13_external_blind/shift_screen/raw_atom_chem_shift_json/bmr4407_atom_chem_shift.json,b1a2009b8b49d81738ac03b84159ee539459e1874afb87d5c8c49a766108e739,,
4409,2026-08-31T00:41:36.954836+00:00,https://api.bmrb.io/v2/entry/4409?loop=Atom_chem_shift,200,1,downloaded_successfully,22436.0,benchmarks/v13_external_blind/shift_screen/raw_atom_chem_shift_json/bmr4409_atom_chem_shift.json,fec00fc90d0748c2db5b5d2cf7cdac18a8e422c7edfd3467c4e3d069c1ccac7d,,
4412,2026-08-31T00:41:37.470871+00:00,https://api.bmrb.io/v2/entry/4412?loop=Atom_chem_shift,200,1,downloaded_successfully,23242.0,benchmarks/v13_external_blind/shift_screen/raw_atom_chem_shift_json/bmr4412_atom_chem_shift.json,586512c250633fd1a4b27744d37307267050ed2b8b146b499fbe618ef95c63ea,,
4413,2026-08-31T00:41:38.027337+00:00,https://api.bmrb.io/v2/entry/4413?loop=Atom_chem_shift,200,1,downloaded_successfully,103090.0,benchmarks/v13_external_blind/shift_screen/raw_atom_chem_shift_json/bmr4413_atom_chem_shift.json,ccba58b360967e1d5ef790c08a9acf54ff184fd8cbd7d8955ea687f1387aa1d6,,
4414,2026-08-31T00:41:38.572787+00:00,https://api.bmrb.io/v2/entry/4414?loop=Atom_chem_shift,200,1,downloaded_successfully,90669.0,benchmarks/v13_external_blind/shift_screen/raw_atom_chem_shift_json/bmr4414_atom_chem_shift.json,957caf7d9aca6332a6e4c7abe4775c72ab54998db8a3e89c8f2116e64a7b8295,,
4415,2026-08-31T00:41:39.087529+00:00,https://api.bmrb.io/v2/entry/4415?loop=Atom_chem_shift,200,1,downloaded_successfully,29369.0,benchmarks/v13_external_blind/shift_screen/raw_atom_chem_shift_json/bmr4415_atom_chem_shift.json,c197e51f105eb7b793eab57f54b13de37c86f27b4c5b900a45ec4372dd26c375,,
4416,2026-08-31T00:41:39.602299+00:00,https://api.bmrb.io/v2/entry/4416?loop=Atom_chem_shift,200,1,downloaded_successfully,29358.0,benchmarks/v13_external_blind/shift_screen/raw_atom_chem_shift_json/bmr4416_atom_chem_shift.json,c262dd485f182dc57e466f3fef7aa62efdabc42612ce933e61e55cd09d20505f,,
4417,2026-08-31T00:41:40.482194+00:00,https://api.bmrb.io/v2/entry/4417?loop=Atom_chem_shift,200,1,downloaded_successfully,230363.0,benchmarks/v13_external_blind/shift_screen/raw_atom_chem_shift_json/bmr4417_atom_chem_shift.json,8319ef22f57f92d9e5c96ab1e22491bf142570a06e9b9288925bb39e9b31bf1b,,
4418,2026-08-31T00:41:41.193380+00:00,https://api.bmrb.io/v2/entry/4418?loop=Atom_chem_shift,200,1,downloaded_successfully,61682.0,benchmarks/v13_external_blind/shift_screen/raw_atom_chem_shift_json/bmr4418_atom_chem_shift.json,0d329fe86ad068c9a360e222547256dc81eeb675400a8ab5c8793955644f1006,,
4419,2026-08-31T00:41:41.727579+00:00,https://api.bmrb.io/v2/entry/4419?loop=Atom_chem_shift,200,1,downloaded_successfully,61266.0,benchmarks/v13_external_blind/shift_screen/raw_atom_chem_shift_json/bmr4419_atom_chem_shift.json,d538b089bad56e023958fa19903fd6630b60e41de8768f6a4562e965a365ecfa,,
4420,2026-08-31T00:41:42.226935+00:00,https://api.bmrb.io/v2/entry/4420?loop=Atom_chem_shift,200,1,downloaded_successfully,9312.0,benchmarks/v13_external_blind/shift_screen/raw_atom_chem_shift_json/bmr4420_atom_chem_shift.json,eac03379224de32b93411f69d51008415313d21fa56bc221e88d0fa9a94d4227,,
4422,2026-08-31T00:41:42.755049+00:00,https://api.bmrb.io/v2/entry/4422?loop=Atom_chem_shift,200,1,downloaded_successfully,48797.0,benchmarks/v13_external_blind/shift_screen/raw_atom_chem_shift_json/bmr4422_atom_chem_shift.json,37f14e131e0e7e26c94bc0e2e165ef35aa4283f8af57a968a6cefc5c1d56b820,,
4424,2026-08-31T00:41:43.300932+00:00,https://api.bmrb.io/v2/entry/4424?loop=Atom_chem_shift,200,1,downloaded_successfully,81040.0,benchmarks/v13_external_blind/shift_screen/raw_atom_chem_shift_json/bmr4424_atom_chem_shift.json,0c8aecc16edc7927a4c938dfcd486e7001cf60cc15eb2b14ab99666afdb219c8,,
4425,2026-08-31T00:41:43.867595+00:00,https://api.bmrb.io/v2/entry/4425?loop=Atom_chem_shift,200,1,downloaded_successfully,127363.0,benchmarks/v13_external_blind/shift_screen/raw_atom_chem_shift_json/bmr4425_atom_chem_shift.json,b3688574546af9910009c714c8cfb30429786204b1be8a7f96324264a1449d50,,
4426,2026-08-31T00:41:44.432496+00:00,https://api.bmrb.io/v2/entry/4426?loop=Atom_chem_shift,200,1,downloaded_successfully,128475.0,benchmarks/v13_external_blind/shift_screen/raw_atom_chem_shift_json/bmr4426_atom_chem_shift.json,9d4510c4d85a985b7da3298bf0862e280a92c88f1fd2d7f692aa3b93a8e5adc0,,
4427,2026-08-31T00:41:44.946387+00:00,https://api.bmrb.io/v2/entry/4427?loop=Atom_chem_shift,200,1,downloaded_successfully,36056.0,benchmarks/v13_external_blind/shift_screen/raw_atom_chem_shift_json/bmr4427_atom_chem_shift.json,fde49fefd4cff7d04c01f84dea580111f2d5d5beee3c58c4e84e272b0e751456,,
4428,2026-08-31T00:41:45.489852+00:00,https://api.bmrb.io/v2/entry/4428?loop=Atom_chem_shift,200,1,downloaded_successfully,71596.0,benchmarks/v13_external_blind/shift_screen/raw_atom_chem_shift_json/bmr4428_atom_chem_shift.json,f81969aa3ae06da490031b72e36ed7d9d2d0ea6019a404f3a2726a2f2f6a3e45,,
4429,2026-08-31T00:41:46.070622+00:00,https://api.bmrb.io/v2/entry/4429?loop=Atom_chem_shift,200,1,downloaded_successfully,131306.0,benchmarks/v13_external_blind/shift_screen/raw_atom_chem_shift_json/bmr4429_atom_chem_shift.json,f4be7999eb2f12bd658d8cb5799e5ec406ac6da1c83cb2c688dbd428d2ecd98c,,
4430,2026-08-31T00:41:46.641712+00:00,https://api.bmrb.io/v2/entry/4430?loop=Atom_chem_shift,200,1,downloaded_successfully,148140.0,benchmarks/v13_external_blind/shift_screen/raw_atom_chem_shift_json/bmr4430_atom_chem_shift.json,b2c8630edb624528b743634612390e51fa64deaf24ef91aa268d4ab4854460ce,,
4431,2026-08-31T00:41:47.251434+00:00,https://api.bmrb.io/v2/entry/4431?loop=Atom_chem_shift,200,1,downloaded_successfully,162301.0,benchmarks/v13_external_blind/shift_screen/raw_atom_chem_shift_json/bmr4431_atom_chem_shift.json,14a56d526b6908019c6fcbfb76ac4e213e4a39e39fbf71d8f28127e7c3fee770,,
4437,2026-08-31T00:41:47.841951+00:00,https://api.bmrb.io/v2/entry/4437?loop=Atom_chem_shift,200,1,downloaded_successfully,145728.0,benchmarks/v13_external_blind/shift_screen/raw_atom_chem_shift_json/bmr4437_atom_chem_shift.json,1f341d5878d229ad4c5d6477bad1de82e077ec7120bcf6a2950059b05054fab9,,
4445,2026-08-31T00:41:48.690290+00:00,https://api.bmrb.io/v2/entry/4445?loop=Atom_chem_shift,200,1,downloaded_successfully,215239.0,benchmarks/v13_external_blind/shift_screen/raw_atom_chem_shift_json/bmr4445_atom_chem_shift.json,ecb2f1da3406d7293a4204cf6c242391abd21b1ab559d54c36e1eec93cd7d6c9,,
4447,2026-08-31T00:41:49.257007+00:00,https://api.bmrb.io/v2/entry/4447?loop=Atom_chem_shift,200,1,downloaded_successfully,137269.0,benchmarks/v13_external_blind/shift_screen/raw_atom_chem_shift_json/bmr4447_atom_chem_shift.json,6f58305da6bc3502739020a5461c95e7a841c5f7c27ef5e0a6d2f032acc41ee9,,
4448,2026-08-31T00:41:50.177820+00:00,https://api.bmrb.io/v2/entry/4448?loop=Atom_chem_shift,200,1,downloaded_successfully,250230.0,benchmarks/v13_external_blind/shift_screen/raw_atom_chem_shift_json/bmr4448_atom_chem_shift.json,9637b4c26f3d76dbe655d36573970b4bb05fd8cab1aba605601f8d80a33081ea,,
4452,2026-08-31T00:41:50.773970+00:00,https://api.bmrb.io/v2/entry/4452?loop=Atom_chem_shift,200,1,downloaded_successfully,108445.0,benchmarks/v13_external_blind/shift_screen/raw_atom_chem_shift_json/bmr4452_atom_chem_shift.json,f0409fea98935523431160287a293a8cd6b98a6e387841033c58392900484579,,
4455,2026-08-31T00:41:51.343339+00:00,https://api.bmrb.io/v2/entry/4455?loop=Atom_chem_shift,200,1,downloaded_successfully,146829.0,benchmarks/v13_external_blind/shift_screen/raw_atom_chem_shift_json/bmr4455_atom_chem_shift.json,9045039197c07a90c4dd74700893d8ad31732a626125cd309d560250674c8733,,
4461,2026-08-31T00:41:51.849439+00:00,https://api.bmrb.io/v2/entry/4461?loop=Atom_chem_shift,200,1,downloaded_successfully,22110.0,benchmarks/v13_external_blind/shift_screen/raw_atom_chem_shift_json/bmr4461_atom_chem_shift.json,9404ed5bae81535fe3b9ee8a87d779c83fb31b9b02dde870d6a1cd8cbbca9f94,,
4467,2026-08-31T00:41:52.406854+00:00,https://api.bmrb.io/v2/entry/4467?loop=Atom_chem_shift,200,1,downloaded_successfully,91762.0,benchmarks/v13_external_blind/shift_screen/raw_atom_chem_shift_json/bmr4467_atom_chem_shift.json,dbffcb512f381c4868abc21ab86bc6b4b80609e9e764c3aad4d83c0a476aacde,,
4473,2026-08-31T00:41:52.945870+00:00,https://api.bmrb.io/v2/entry/4473?loop=Atom_chem_shift,200,1,downloaded_successfully,68635.0,benchmarks/v13_external_blind/shift_screen/raw_atom_chem_shift_json/bmr4473_atom_chem_shift.json,d5667ec2d9736f3fa7b92d51fe35dd5292c810954fde40d0d2d15202d86f0eb7,,
4475,2026-08-31T00:41:53.472069+00:00,https://api.bmrb.io/v2/entry/4475?loop=Atom_chem_shift,200,1,downloaded_successfully,57415.0,benchmarks/v13_external_blind/shift_screen/raw_atom_chem_shift_json/bmr4475_atom_chem_shift.json,fe48eca5ff6f036507e2464fc48ab1e3ea78990182e662fa616322ccabd873a0,,
4476,2026-08-31T00:41:53.989068+00:00,https://api.bmrb.io/v2/entry/4476?loop=Atom_chem_shift,200,1,downloaded_successfully,29710.0,benchmarks/v13_external_blind/shift_screen/raw_atom_chem_shift_json/bmr4476_atom_chem_shift.json,c4bff7fd31022c7b18bdf9d9baaa8b1fe9a94cd5034f41d685cb8c1d508fef54,,
4477,2026-08-31T00:41:54.506877+00:00,https://api.bmrb.io/v2/entry/4477?loop=Atom_chem_shift,200,1,downloaded_successfully,29710.0,benchmarks/v13_external_blind/shift_screen/raw_atom_chem_shift_json/bmr4477_atom_chem_shift.json,4b325cd51b9bd89d9f49889f1568f5c4f7f1989964cfb86aa3a779409453c04e,,
4478,2026-08-31T00:41:55.069237+00:00,https://api.bmrb.io/v2/entry/4478?loop=Atom_chem_shift,200,1,downloaded_successfully,105699.0,benchmarks/v13_external_blind/shift_screen/raw_atom_chem_shift_json/bmr4478_atom_chem_shift.json,6e94def952bd4591627ed3b6a109216d7f326bb754a3f14c4bf2c26e1ee83d3c,,
4481,2026-08-31T00:42:26.554303+00:00,https://api.bmrb.io/v2/entry/4481?loop=Atom_chem_shift,404,5,request_failed,,,,HTTPError,404 Client Error: NOT FOUND for url: https://api.bmrb.io/v2/entry/4481?loop=Atom_chem_shift
4483,2026-08-31T00:42:27.064786+00:00,https://api.bmrb.io/v2/entry/4483?loop=Atom_chem_shift,200,1,downloaded_successfully,13266.0,benchmarks/v13_external_blind/shift_screen/raw_atom_chem_shift_json/bmr4483_atom_chem_shift.json,b739cc81712dd4d2bfebf4a5545620161a0b785d8eb5377330f314ce43d25aa9,,
4486,2026-08-31T00:42:27.654651+00:00,https://api.bmrb.io/v2/entry/4486?loop=Atom_chem_shift,200,1,downloaded_successfully,155638.0,benchmarks/v13_external_blind/shift_screen/raw_atom_chem_shift_json/bmr4486_atom_chem_shift.json,9b072a23ac875e35d40d1ace3cce90b4bf927082e420f5fbcee6e8362681917c,,
4487,2026-08-31T00:42:28.250562+00:00,https://api.bmrb.io/v2/entry/4487?loop=Atom_chem_shift,200,1,downloaded_successfully,45021.0,benchmarks/v13_external_blind/shift_screen/raw_atom_chem_shift_json/bmr4487_atom_chem_shift.json,af2ffbe817758810ef4b635c513344224a226f2f38f0b14e48e84b8121e72b13,,
4488,2026-08-31T00:42:28.752756+00:00,https://api.bmrb.io/v2/entry/4488?loop=Atom_chem_shift,200,1,downloaded_successfully,23330.0,benchmarks/v13_external_blind/shift_screen/raw_atom_chem_shift_json/bmr4488_atom_chem_shift.json,643be49d884d3db16806084ebe6a97396fe5e6c9cfbdd43e4c308b8b32707526,,
4490,2026-08-31T00:42:29.257737+00:00,https://api.bmrb.io/v2/entry/4490?loop=Atom_chem_shift,200,1,downloaded_successfully,9045.0,benchmarks/v13_external_blind/shift_screen/raw_atom_chem_shift_json/bmr4490_atom_chem_shift.json,8898d2e218cc00a9795c43864e962758c7cbf5fce8f376c163324efc1ae47996,,
4491,2026-08-31T00:42:29.858473+00:00,https://api.bmrb.io/v2/entry/4491?loop=Atom_chem_shift,200,1,downloaded_successfully,191228.0,benchmarks/v13_external_blind/shift_screen/raw_atom_chem_shift_json/bmr4491_atom_chem_shift.json,7588283acd9f3b105a15ab860183868a723acb49d50661b4d7893a91cce149a7,,
4492,2026-08-31T00:42:30.686809+00:00,https://api.bmrb.io/v2/entry/4492?loop=Atom_chem_shift,200,1,downloaded_successfully,195124.0,benchmarks/v13_external_blind/shift_screen/raw_atom_chem_shift_json/bmr4492_atom_chem_shift.json,fa74644991bfd9cae3e1fa8b4f5cd62a1475800313bf19fda9f8030ab6400330,,
4493,2026-08-31T00:42:31.565844+00:00,https://api.bmrb.io/v2/entry/4493?loop=Atom_chem_shift,200,1,downloaded_successfully,129345.0,benchmarks/v13_external_blind/shift_screen/raw_atom_chem_shift_json/bmr4493_atom_chem_shift.json,4e73f3aae97677b359d20b2b003da711f52bf9f4d95d9d96899ce7876d93ea6f,,
4494,2026-08-31T00:42:32.102304+00:00,https://api.bmrb.io/v2/entry/4494?loop=Atom_chem_shift,200,1,downloaded_successfully,81029.0,benchmarks/v13_external_blind/shift_screen/raw_atom_chem_shift_json/bmr4494_atom_chem_shift.json,a56477c0d7ed2681f1e6aec801d3f303f425692367f2b253390450ce1c414319,,
4496,2026-08-31T00:42:32.690270+00:00,https://api.bmrb.io/v2/entry/4496?loop=Atom_chem_shift,200,1,downloaded_successfully,170567.0,benchmarks/v13_external_blind/shift_screen/raw_atom_chem_shift_json/bmr4496_atom_chem_shift.json,2cff42332204ff3b626068783c836ff36f93a54f75840444864ac4f9bc91ace5,,
4497,2026-08-31T00:42:33.578017+00:00,https://api.bmrb.io/v2/entry/4497?loop=Atom_chem_shift,200,1,downloaded_successfully,261776.0,benchmarks/v13_external_blind/shift_screen/raw_atom_chem_shift_json/bmr4497_atom_chem_shift.json,e7826632d78055ea85d52ce5d4043951c26d18ed1a4f159f27a2204a9db82e9f,,
4498,2026-08-31T00:42:34.712016+00:00,https://api.bmrb.io/v2/entry/4498?loop=Atom_chem_shift,200,1,downloaded_successfully,64053.0,benchmarks/v13_external_blind/shift_screen/raw_atom_chem_shift_json/bmr4498_atom_chem_shift.json,a679131de10ca1a0104279fdd13bf5e69901c967809a88ef6324a286329290ee,,
4500,2026-08-31T00:42:35.213774+00:00,https://api.bmrb.io/v2/entry/4500?loop=Atom_chem_shift,200,1,downloaded_successfully,22954.0,benchmarks/v13_external_blind/shift_screen/raw_atom_chem_shift_json/bmr4500_atom_chem_shift.json,b65f1937e7f571ec85217a4cc4866819a3bb994e081076c50b9d36a4816c82a1,,
4503,2026-08-31T00:42:35.727286+00:00,https://api.bmrb.io/v2/entry/4503?loop=Atom_chem_shift,200,1,downloaded_successfully,16556.0,benchmarks/v13_external_blind/shift_screen/raw_atom_chem_shift_json/bmr4503_atom_chem_shift.json,c44ecbfa71f8f11c7601d10b0bfaa918f76dccd89266fc4230cacf949abd44fc,,
4506,2026-08-31T00:42:36.247130+00:00,https://api.bmrb.io/v2/entry/4506?loop=Atom_chem_shift,200,1,downloaded_successfully,26248.0,benchmarks/v13_external_blind/shift_screen/raw_atom_chem_shift_json/bmr4506_atom_chem_shift.json,7ebf000191e0b221016572bc74bf9e7996862fc45d5e55188d4dc3a2da4a9447,,
4507,2026-08-31T00:42:36.757492+00:00,https://api.bmrb.io/v2/entry/4507?loop=Atom_chem_shift,200,1,downloaded_successfully,23160.0,benchmarks/v13_external_blind/shift_screen/raw_atom_chem_shift_json/bmr4507_atom_chem_shift.json,b289702b8c3269dfb4d89e008b8976219de9abba25bbc23350139165b01ded85,,
4509,2026-08-31T00:42:37.278843+00:00,https://api.bmrb.io/v2/entry/4509?loop=Atom_chem_shift,200,1,downloaded_successfully,35270.0,benchmarks/v13_external_blind/shift_screen/raw_atom_chem_shift_json/bmr4509_atom_chem_shift.json,22f5b0f59e6462f068f1fdbf0af526bafbe6d4ccbdb6b46c8e08220e1a28cb03,,
4510,2026-08-31T00:42:37.847074+00:00,https://api.bmrb.io/v2/entry/4510?loop=Atom_chem_shift,200,1,downloaded_successfully,65788.0,benchmarks/v13_external_blind/shift_screen/raw_atom_chem_shift_json/bmr4510_atom_chem_shift.json,6e9f439eac0f8f72681984708b4594e919040559234e8f1dbabbd51750d2e06a,,
4514,2026-08-31T00:42:38.367510+00:00,https://api.bmrb.io/v2/entry/4514?loop=Atom_chem_shift,200,1,downloaded_successfully,44927.0,benchmarks/v13_external_blind/shift_screen/raw_atom_chem_shift_json/bmr4514_atom_chem_shift.json,67b1a312663c508781d429c22a26430e300bbf51196bdc3a23c6b494fc1622e8,,
4516,2026-08-31T00:42:38.950697+00:00,https://api.bmrb.io/v2/entry/4516?loop=Atom_chem_shift,200,1,downloaded_successfully,120643.0,benchmarks/v13_external_blind/shift_screen/raw_atom_chem_shift_json/bmr4516_atom_chem_shift.json,3a7148ca62f086e3b2c15b5f0b4b44893aa1733e231c60e8698886755e6f1666,,
4519,2026-08-31T00:42:39.911489+00:00,https://api.bmrb.io/v2/entry/4519?loop=Atom_chem_shift,200,1,downloaded_successfully,214162.0,benchmarks/v13_external_blind/shift_screen/raw_atom_chem_shift_json/bmr4519_atom_chem_shift.json,b4463b3b8a6e6e5c866a6b5ae8cdd86c078b1d7f78e4823689a17d08f416e9e7,,
4522,2026-08-31T00:42:40.543191+00:00,https://api.bmrb.io/v2/entry/4522?loop=Atom_chem_shift,200,1,downloaded_successfully,33.0,benchmarks/v13_external_blind/shift_screen/raw_atom_chem_shift_json/bmr4522_atom_chem_shift.json,4743c6a2a0699a8fc94f79cf7279f6c7926ca98401250351916d87b6689e7be5,,
4524,2026-08-31T00:42:41.091374+00:00,https://api.bmrb.io/v2/entry/4524?loop=Atom_chem_shift,200,1,downloaded_successfully,70980.0,benchmarks/v13_external_blind/shift_screen/raw_atom_chem_shift_json/bmr4524_atom_chem_shift.json,1d5c5a78d641c3c9b32d581e1cd0c65b7b64c97ffa26684be9c9967ee5874ed6,,
4526,2026-08-31T00:42:41.611382+00:00,https://api.bmrb.io/v2/entry/4526?loop=Atom_chem_shift,200,1,downloaded_successfully,33447.0,benchmarks/v13_external_blind/shift_screen/raw_atom_chem_shift_json/bmr4526_atom_chem_shift.json,2321634a764a59461178112a8813b52a650b951020b5bfc56885c120e8ce95a4,,
4527,2026-08-31T00:42:42.221340+00:00,https://api.bmrb.io/v2/entry/4527?loop=Atom_chem_shift,200,1,downloaded_successfully,183849.0,benchmarks/v13_external_blind/shift_screen/raw_atom_chem_shift_json/bmr4527_atom_chem_shift.json,cc85d66d0675faf29066e22e4bdb21816d67456fe988c72d6e7b9b2c37e4f6c1,,
4528,2026-08-31T00:42:42.879343+00:00,https://api.bmrb.io/v2/entry/4528?loop=Atom_chem_shift,200,1,downloaded_successfully,167622.0,benchmarks/v13_external_blind/shift_screen/raw_atom_chem_shift_json/bmr4528_atom_chem_shift.json,b9995975ec6edf66fa978b6880044e49525af465f2a07d266041bf3c1a36d7d0,,
4536,2026-08-31T00:42:43.367610+00:00,https://api.bmrb.io/v2/entry/4536?loop=Atom_chem_shift,200,1,downloaded_successfully,27424.0,benchmarks/v13_external_blind/shift_screen/raw_atom_chem_shift_json/bmr4536_atom_chem_shift.json,d5853dbf57087852cac2317fd8a94a08ef8b2ab02fb06e4f0165249d7171dabd,,
4540,2026-08-31T00:42:43.905264+00:00,https://api.bmrb.io/v2/entry/4540?loop=Atom_chem_shift,200,1,downloaded_successfully,65419.0,benchmarks/v13_external_blind/shift_screen/raw_atom_chem_shift_json/bmr4540_atom_chem_shift.json,6faed11d6b1f725e94dbcb3eba03d90e34608fe148df5f18e34914f8054deef6,,
4541,2026-08-31T00:42:44.418534+00:00,https://api.bmrb.io/v2/entry/4541?loop=Atom_chem_shift,200,1,downloaded_successfully,31077.0,benchmarks/v13_external_blind/shift_screen/raw_atom_chem_shift_json/bmr4541_atom_chem_shift.json,a14f2b220d22ac40e91facab2bf4f4b747d9e4369126f44f87ad58173aa48f11,,
4542,2026-08-31T00:42:44.935938+00:00,https://api.bmrb.io/v2/entry/4542?loop=Atom_chem_shift,200,1,downloaded_successfully,28636.0,benchmarks/v13_external_blind/shift_screen/raw_atom_chem_shift_json/bmr4542_atom_chem_shift.json,a626c246703c8551a06278a12e00c781bb93325e618619a8c44d0d2f16b4b1ed,,
4547,2026-08-31T00:42:45.453373+00:00,https://api.bmrb.io/v2/entry/4547?loop=Atom_chem_shift,200,1,downloaded_successfully,25246.0,benchmarks/v13_external_blind/shift_screen/raw_atom_chem_shift_json/bmr4547_atom_chem_shift.json,0261a5989c113bd132ff2823bb7010ebeba022c43a99bdabd65086211cc9b075,,
4550,2026-08-31T00:42:45.961486+00:00,https://api.bmrb.io/v2/entry/4550?loop=Atom_chem_shift,200,1,downloaded_successfully,11508.0,benchmarks/v13_external_blind/shift_screen/raw_atom_chem_shift_json/bmr4550_atom_chem_shift.json,df10c9307f8c274d0315e7777560bc2380763c537720ac2d004c1ad16dbbbd61,,
4551,2026-08-31T00:42:46.469097+00:00,https://api.bmrb.io/v2/entry/4551?loop=Atom_chem_shift,200,1,downloaded_successfully,33.0,benchmarks/v13_external_blind/shift_screen/raw_atom_chem_shift_json/bmr4551_atom_chem_shift.json,a10f5e0131e5200e3e94015bc58a1b393efe8374f4e1857294ee62bd94044c77,,
4552,2026-08-31T00:42:46.997785+00:00,https://api.bmrb.io/v2/entry/4552?loop=Atom_chem_shift,200,1,downloaded_successfully,34218.0,benchmarks/v13_external_blind/shift_screen/raw_atom_chem_shift_json/bmr4552_atom_chem_shift.json,7b1a7fec742553f0a5278ad25c8403a5211f94b67bb499b875528a49582a8161,,
4553,2026-08-31T00:42:47.982259+00:00,https://api.bmrb.io/v2/entry/4553?loop=Atom_chem_shift,200,1,downloaded_successfully,312812.0,benchmarks/v13_external_blind/shift_screen/raw_atom_chem_shift_json/bmr4553_atom_chem_shift.json,46c94536b463de63fb7830a0b4ae46f973ab1024e00a5635b8a1f7357d9385ae,,
4557,2026-08-31T00:42:49.480165+00:00,https://api.bmrb.io/v2/entry/4557?loop=Atom_chem_shift,200,1,downloaded_successfully,24537.0,benchmarks/v13_external_blind/shift_screen/raw_atom_chem_shift_json/bmr4557_atom_chem_shift.json,36632aa5592f0990ba634208ddd0aa0ef6fd946a949abf3973888652ca5d042b,,
4566,2026-08-31T00:42:50.101079+00:00,https://api.bmrb.io/v2/entry/4566?loop=Atom_chem_shift,200,1,downloaded_successfully,154108.0,benchmarks/v13_external_blind/shift_screen/raw_atom_chem_shift_json/bmr4566_atom_chem_shift.json,ab14e97c0be4f79e62d5ca157ca56270c76bb84334befcf58ce74d8ffce54324,,
4570,2026-08-31T00:42:50.764578+00:00,https://api.bmrb.io/v2/entry/4570?loop=Atom_chem_shift,200,1,downloaded_successfully,42555.0,benchmarks/v13_external_blind/shift_screen/raw_atom_chem_shift_json/bmr4570_atom_chem_shift.json,6b9b44a0f3adf96b1ee2eb91c4ca76cd023445b1a6f1ec2b4f263d397a256a13,,
4574,2026-08-31T00:42:51.369181+00:00,https://api.bmrb.io/v2/entry/4574?loop=Atom_chem_shift,200,1,downloaded_successfully,172331.0,benchmarks/v13_external_blind/shift_screen/raw_atom_chem_shift_json/bmr4574_atom_chem_shift.json,73d17f08c221972f623465a50ac8aaba3da6afa493e96bf5ad53ee9b1ca9a8df,,
4577,2026-08-31T00:42:52.262703+00:00,https://api.bmrb.io/v2/entry/4577?loop=Atom_chem_shift,200,1,downloaded_successfully,276539.0,benchmarks/v13_external_blind/shift_screen/raw_atom_chem_shift_json/bmr4577_atom_chem_shift.json,89c6049343866f069ac871b67ecbd55ee1f941d02b0ea4d3d5f7f8bc093bf810,,
4579,2026-08-31T00:42:52.875611+00:00,https://api.bmrb.io/v2/entry/4579?loop=Atom_chem_shift,200,1,downloaded_successfully,144569.0,benchmarks/v13_external_blind/shift_screen/raw_atom_chem_shift_json/bmr4579_atom_chem_shift.json,715f13ddfaa7c9e51b503aad7d71c6d0c398305716267ea990b8402661f0bf7e,,
4581,2026-08-31T00:42:53.409273+00:00,https://api.bmrb.io/v2/entry/4581?loop=Atom_chem_shift,200,1,downloaded_successfully,76523.0,benchmarks/v13_external_blind/shift_screen/raw_atom_chem_shift_json/bmr4581_atom_chem_shift.json,d47de202a1031e39d0d44220e3439ebb9bdc4071735296108a25f2ca0f7d1487,,
4583,2026-08-31T00:42:53.970751+00:00,https://api.bmrb.io/v2/entry/4583?loop=Atom_chem_shift,200,1,downloaded_successfully,111160.0,benchmarks/v13_external_blind/shift_screen/raw_atom_chem_shift_json/bmr4583_atom_chem_shift.json,c7d81b36a24df73653142753f65f017263f4344e7042813f1575cdf26d3834c0,,
4584,2026-08-31T00:42:54.497210+00:00,https://api.bmrb.io/v2/entry/4584?loop=Atom_chem_shift,200,1,downloaded_successfully,62901.0,benchmarks/v13_external_blind/shift_screen/raw_atom_chem_shift_json/bmr4584_atom_chem_shift.json,89de7ebf7b786465d217cb55ac180f7e308c0d7cb2d386fe3145dd156b48589c,,
4585,2026-08-31T00:42:55.008683+00:00,https://api.bmrb.io/v2/entry/4585?loop=Atom_chem_shift,200,1,downloaded_successfully,22877.0,benchmarks/v13_external_blind/shift_screen/raw_atom_chem_shift_json/bmr4585_atom_chem_shift.json,424aa7aef796e0b125e578e50cd215cb2d257c31c6232b6bf4b9adf3906fff59,,
4587,2026-08-31T00:42:55.532342+00:00,https://api.bmrb.io/v2/entry/4587?loop=Atom_chem_shift,200,1,downloaded_successfully,43623.0,benchmarks/v13_external_blind/shift_screen/raw_atom_chem_shift_json/bmr4587_atom_chem_shift.json,d0eb4d05a789a4843f6cf9b1953f3cabae4d7efa84839f102511a829974d198b,,
4588,2026-08-31T00:42:56.061497+00:00,https://api.bmrb.io/v2/entry/4588?loop=Atom_chem_shift,200,1,downloaded_successfully,48756.0,benchmarks/v13_external_blind/shift_screen/raw_atom_chem_shift_json/bmr4588_atom_chem_shift.json,0d8b1bd1123856e20c9d01dea485e53748d0b43e6aac3b9be4f4bfa0d294cb26,,
4589,2026-08-31T00:42:56.611742+00:00,https://api.bmrb.io/v2/entry/4589?loop=Atom_chem_shift,200,1,downloaded_successfully,83266.0,benchmarks/v13_external_blind/shift_screen/raw_atom_chem_shift_json/bmr4589_atom_chem_shift.json,d4638c01565efade551f8c71d29b83534b9b38b7cd8c6c081a21e61ba86fdaad,,
4590,2026-08-31T00:42:57.167655+00:00,https://api.bmrb.io/v2/entry/4590?loop=Atom_chem_shift,200,1,downloaded_successfully,107727.0,benchmarks/v13_external_blind/shift_screen/raw_atom_chem_shift_json/bmr4590_atom_chem_shift.json,0f1be710c7c826f20721f8d23db504e9a896de900a7b71a6cb1816089f4aa235,,
4591,2026-08-31T00:42:57.676479+00:00,https://api.bmrb.io/v2/entry/4591?loop=Atom_chem_shift,200,1,downloaded_successfully,26694.0,benchmarks/v13_external_blind/shift_screen/raw_atom_chem_shift_json/bmr4591_atom_chem_shift.json,dd1772e30a7dab6526dd04fe7a16dc1116512858550dcbce61982221df1fd776,,
4592,2026-08-31T00:42:58.199404+00:00,https://api.bmrb.io/v2/entry/4592?loop=Atom_chem_shift,200,1,downloaded_successfully,23344.0,benchmarks/v13_external_blind/shift_screen/raw_atom_chem_shift_json/bmr4592_atom_chem_shift.json,3ba11f21cb93055149d28723e258a1362be84922fd08e5ffa6329dd5ecaa6367,,
4593,2026-08-31T00:42:58.772748+00:00,https://api.bmrb.io/v2/entry/4593?loop=Atom_chem_shift,200,1,downloaded_successfully,123913.0,benchmarks/v13_external_blind/shift_screen/raw_atom_chem_shift_json/bmr4593_atom_chem_shift.json,b370e377415be5b6f411e06cc251dbe48404b68e4029d23e2c243b0b0e53e0ae,,
4595,2026-08-31T00:42:59.276749+00:00,https://api.bmrb.io/v2/entry/4595?loop=Atom_chem_shift,200,1,downloaded_successfully,21300.0,benchmarks/v13_external_blind/shift_screen/raw_atom_chem_shift_json/bmr4595_atom_chem_shift.json,8fc58d8e3b7fff081a87fb281ee5631381c3ce08f38c28d8e4fa7a5a07c7caf2,,
4596,2026-08-31T00:42:59.791861+00:00,https://api.bmrb.io/v2/entry/4596?loop=Atom_chem_shift,200,1,downloaded_successfully,23323.0,benchmarks/v13_external_blind/shift_screen/raw_atom_chem_shift_json/bmr4596_atom_chem_shift.json,7adae71d303a67f3f8a2d60cf4a4d32c9656f1daa0afc1f328ad31ed205b79c8,,
4597,2026-08-31T00:43:00.304946+00:00,https://api.bmrb.io/v2/entry/4597?loop=Atom_chem_shift,200,1,downloaded_successfully,23595.0,benchmarks/v13_external_blind/shift_screen/raw_atom_chem_shift_json/bmr4597_atom_chem_shift.json,340eabbcd2a6d350feaa16c897bd907acff6b297dbbc399084047be0619e3bec,,
4598,2026-08-31T00:43:00.820481+00:00,https://api.bmrb.io/v2/entry/4598?loop=Atom_chem_shift,200,1,downloaded_successfully,20754.0,benchmarks/v13_external_blind/shift_screen/raw_atom_chem_shift_json/bmr4598_atom_chem_shift.json,d2df2f2ebe8de0abfc85b3364d50ec96ca4e18208bff23702e7dbab55106b988,,
4599,2026-08-31T00:43:01.703797+00:00,https://api.bmrb.io/v2/entry/4599?loop=Atom_chem_shift,200,1,downloaded_successfully,246273.0,benchmarks/v13_external_blind/shift_screen/raw_atom_chem_shift_json/bmr4599_atom_chem_shift.json,ef1c2096ddab3b1437e688cf2dbba2fafc008067bac4efc20e559db5f74ada78,,
4600,2026-08-31T00:43:02.451584+00:00,https://api.bmrb.io/v2/entry/4600?loop=Atom_chem_shift,200,1,downloaded_successfully,64467.0,benchmarks/v13_external_blind/shift_screen/raw_atom_chem_shift_json/bmr4600_atom_chem_shift.json,e6a1c23d5cfe41d094dcdafc1dd82930264092351b84e010b9f8b32b9fbee869,,
4601,2026-08-31T00:43:02.975921+00:00,https://api.bmrb.io/v2/entry/4601?loop=Atom_chem_shift,200,1,downloaded_successfully,29299.0,benchmarks/v13_external_blind/shift_screen/raw_atom_chem_shift_json/bmr4601_atom_chem_shift.json,07d2cbae614b8a6adc374206c6dd50228c954ccfdbd6f5140d98db48ea19c1ce,,
4602,2026-08-31T00:43:03.525200+00:00,https://api.bmrb.io/v2/entry/4602?loop=Atom_chem_shift,200,1,downloaded_successfully,82795.0,benchmarks/v13_external_blind/shift_screen/raw_atom_chem_shift_json/bmr4602_atom_chem_shift.json,0e748c0c1d8b98d1351c323192ba67f71f8d50fbe43bfd8ef322696080baeb73,,
4603,2026-08-31T00:43:04.098281+00:00,https://api.bmrb.io/v2/entry/4603?loop=Atom_chem_shift,200,1,downloaded_successfully,142014.0,benchmarks/v13_external_blind/shift_screen/raw_atom_chem_shift_json/bmr4603_atom_chem_shift.json,db9c458958a7bdd91bc79113b634d6d3cd5e6516c7fd83df14138c664dd235b1,,
4604,2026-08-31T00:43:04.608252+00:00,https://api.bmrb.io/v2/entry/4604?loop=Atom_chem_shift,200,1,downloaded_successfully,25584.0,benchmarks/v13_external_blind/shift_screen/raw_atom_chem_shift_json/bmr4604_atom_chem_shift.json,c1a875d530a122f0d4fc2e40b318d6eba718d0e39499aa67b823dbd0acac5342,,
4607,2026-08-31T00:43:05.119209+00:00,https://api.bmrb.io/v2/entry/4607?loop=Atom_chem_shift,200,1,downloaded_successfully,18561.0,benchmarks/v13_external_blind/shift_screen/raw_atom_chem_shift_json/bmr4607_atom_chem_shift.json,03a3c1e3ecf5486a9093d9fc41877e1c218eece8a5698363c787e2694c8af84c,,
4609,2026-08-31T00:43:05.624208+00:00,https://api.bmrb.io/v2/entry/4609?loop=Atom_chem_shift,200,1,downloaded_successfully,8303.0,benchmarks/v13_external_blind/shift_screen/raw_atom_chem_shift_json/bmr4609_atom_chem_shift.json,0cd7db4121a1111e0d7e54ce9a710efd73bb0abfa404396eabff8485d682d612,,
4610,2026-08-31T00:43:06.127486+00:00,https://api.bmrb.io/v2/entry/4610?loop=Atom_chem_shift,200,1,downloaded_successfully,4314.0,benchmarks/v13_external_blind/shift_screen/raw_atom_chem_shift_json/bmr4610_atom_chem_shift.json,82021534fb5a59f62b1c761f4a78b1fba196403f906584a535c049bd18d2366c,,
4612,2026-08-31T00:43:06.634794+00:00,https://api.bmrb.io/v2/entry/4612?loop=Atom_chem_shift,200,1,downloaded_successfully,8698.0,benchmarks/v13_external_blind/shift_screen/raw_atom_chem_shift_json/bmr4612_atom_chem_shift.json,00926fbb419cea7a324de0320d4c4a077d6746c252474e28acba2c56add45a9c,,
4614,2026-08-31T00:43:07.140644+00:00,https://api.bmrb.io/v2/entry/4614?loop=Atom_chem_shift,200,1,downloaded_successfully,7741.0,benchmarks/v13_external_blind/shift_screen/raw_atom_chem_shift_json/bmr4614_atom_chem_shift.json,066bcfdefaad054d81df597ed018483b1f3dc3c03b45e2f0656309567648eb1e,,
4615,2026-08-31T00:43:07.660456+00:00,https://api.bmrb.io/v2/entry/4615?loop=Atom_chem_shift,200,1,downloaded_successfully,28818.0,benchmarks/v13_external_blind/shift_screen/raw_atom_chem_shift_json/bmr4615_atom_chem_shift.json,1c1d7b0a2458f698fa4c44c3175bcf4301c5b8a44843cfe151bb0385af8edeb3,,
4616,2026-08-31T00:43:08.189118+00:00,https://api.bmrb.io/v2/entry/4616?loop=Atom_chem_shift,200,1,downloaded_successfully,47582.0,benchmarks/v13_external_blind/shift_screen/raw_atom_chem_shift_json/bmr4616_atom_chem_shift.json,58f9e6bfa02b36b7117fdf2e53fae3a4ce59e4d65a5cd47d7358c311dfcca9fe,,
4617,2026-08-31T00:43:08.718493+00:00,https://api.bmrb.io/v2/entry/4617?loop=Atom_chem_shift,200,1,downloaded_successfully,38719.0,benchmarks/v13_external_blind/shift_screen/raw_atom_chem_shift_json/bmr4617_atom_chem_shift.json,119812b7c9c593dc391bf132c319b14022eeb3a97ca1674c4c2016640b30148d,,
4618,2026-08-31T00:43:09.224924+00:00,https://api.bmrb.io/v2/entry/4618?loop=Atom_chem_shift,200,1,downloaded_successfully,14221.0,benchmarks/v13_external_blind/shift_screen/raw_atom_chem_shift_json/bmr4618_atom_chem_shift.json,b2d3e73cd8c0ec343d29a270101bf13d67fe4c21885df0a97876b39a3b1aae6d,,
4619,2026-08-31T00:43:09.775754+00:00,https://api.bmrb.io/v2/entry/4619?loop=Atom_chem_shift,200,1,downloaded_successfully,88592.0,benchmarks/v13_external_blind/shift_screen/raw_atom_chem_shift_json/bmr4619_atom_chem_shift.json,38c83e6ef0228f12b7e88ab62e9d8e478ccbfa4df67585fe4ffed0618cb23476,,
4620,2026-08-31T00:43:10.366291+00:00,https://api.bmrb.io/v2/entry/4620?loop=Atom_chem_shift,200,1,downloaded_successfully,176696.0,benchmarks/v13_external_blind/shift_screen/raw_atom_chem_shift_json/bmr4620_atom_chem_shift.json,1c79cfb890c838c6c365702362ab9b81bdd9b09d042a1f688a99249280129e22,,
4621,2026-08-31T00:43:10.921245+00:00,https://api.bmrb.io/v2/entry/4621?loop=Atom_chem_shift,200,1,downloaded_successfully,121495.0,benchmarks/v13_external_blind/shift_screen/raw_atom_chem_shift_json/bmr4621_atom_chem_shift.json,de128ddb4856bcbd9fa41327fb7dcced3b588b82de318282df91aa95ddc3e880,,
4622,2026-08-31T00:43:11.459978+00:00,https://api.bmrb.io/v2/entry/4622?loop=Atom_chem_shift,200,1,downloaded_successfully,89070.0,benchmarks/v13_external_blind/shift_screen/raw_atom_chem_shift_json/bmr4622_atom_chem_shift.json,049724af2f1a5583eef81be18653ec07207c2b0175bd7fa215b7cd084dcdc1b6,,
4623,2026-08-31T00:43:12.004395+00:00,https://api.bmrb.io/v2/entry/4623?loop=Atom_chem_shift,200,1,downloaded_successfully,88475.0,benchmarks/v13_external_blind/shift_screen/raw_atom_chem_shift_json/bmr4623_atom_chem_shift.json,c493937db6d875b6359f52a0771af191bb8148ff877bed83c5368b316f5bd126,,
4628,2026-08-31T00:43:12.558874+00:00,https://api.bmrb.io/v2/entry/4628?loop=Atom_chem_shift,200,1,downloaded_successfully,96673.0,benchmarks/v13_external_blind/shift_screen/raw_atom_chem_shift_json/bmr4628_atom_chem_shift.json,7a843b0595a9a27ed7d8160c502403e87c537eb6e75a772e1e4eff06ccdcbdb1,,
4630,2026-08-31T00:43:13.060491+00:00,https://api.bmrb.io/v2/entry/4630?loop=Atom_chem_shift,200,1,downloaded_successfully,33.0,benchmarks/v13_external_blind/shift_screen/raw_atom_chem_shift_json/bmr4630_atom_chem_shift.json,d6d434f5ff58862721d2e5815ae48871969b85067700b006e1ab24e29b4ea9ee,,
4631,2026-08-31T00:43:13.561744+00:00,https://api.bmrb.io/v2/entry/4631?loop=Atom_chem_shift,200,1,downloaded_successfully,33.0,benchmarks/v13_external_blind/shift_screen/raw_atom_chem_shift_json/bmr4631_atom_chem_shift.json,f9ca8b0075285392a2435c62e3f423e0ac289bbb82e59636febaa07a3e72f24d,,
4633,2026-08-31T00:43:14.288518+00:00,https://api.bmrb.io/v2/entry/4633?loop=Atom_chem_shift,200,1,downloaded_successfully,81099.0,benchmarks/v13_external_blind/shift_screen/raw_atom_chem_shift_json/bmr4633_atom_chem_shift.json,6f1bd2e81a511cabdeaf769dd06ff9ca7965d49f560215d2293552324b6042ec,,
4634,2026-08-31T00:43:14.779756+00:00,https://api.bmrb.io/v2/entry/4634?loop=Atom_chem_shift,200,1,downloaded_successfully,33.0,benchmarks/v13_external_blind/shift_screen/raw_atom_chem_shift_json/bmr4634_atom_chem_shift.json,ffb116285711abf086a1dd236ab1fa8ac879a953001097c148b31fd1cfde3e66,,
4635,2026-08-31T00:43:15.289057+00:00,https://api.bmrb.io/v2/entry/4635?loop=Atom_chem_shift,200,1,downloaded_successfully,33.0,benchmarks/v13_external_blind/shift_screen/raw_atom_chem_shift_json/bmr4635_atom_chem_shift.json,5ab46e29db2c4ba85138b4a4421904417b6dac7a4c44f727045ba350e6f82bbf,,
4636,2026-08-31T00:43:16.156538+00:00,https://api.bmrb.io/v2/entry/4636?loop=Atom_chem_shift,200,1,downloaded_successfully,245510.0,benchmarks/v13_external_blind/shift_screen/raw_atom_chem_shift_json/bmr4636_atom_chem_shift.json,5b31166c0e76c9487c4aa87f23c6bf790031966030b0d71f117dda5e089432c0,,
4637,2026-08-31T00:43:16.728822+00:00,https://api.bmrb.io/v2/entry/4637?loop=Atom_chem_shift,200,1,downloaded_successfully,72296.0,benchmarks/v13_external_blind/shift_screen/raw_atom_chem_shift_json/bmr4637_atom_chem_shift.json,80d7afc4a6b56fc594fc589e8fe75e3b8f894e0298d49566ef0a9e7e68c12d31,,
4638,2026-08-31T00:43:17.289842+00:00,https://api.bmrb.io/v2/entry/4638?loop=Atom_chem_shift,200,1,downloaded_successfully,99729.0,benchmarks/v13_external_blind/shift_screen/raw_atom_chem_shift_json/bmr4638_atom_chem_shift.json,92917c8c24eb8e304265bf0a07cb52c34f6ac238b8751bf6520f3f383431e9ef,,
4639,2026-08-31T00:43:17.818133+00:00,https://api.bmrb.io/v2/entry/4639?loop=Atom_chem_shift,200,1,downloaded_successfully,52072.0,benchmarks/v13_external_blind/shift_screen/raw_atom_chem_shift_json/bmr4639_atom_chem_shift.json,200ccc639baf11416016e72bf24e386c43198395719132b055b9051a5ac4cf1e,,
4640,2026-08-31T00:43:18.334932+00:00,https://api.bmrb.io/v2/entry/4640?loop=Atom_chem_shift,200,1,downloaded_successfully,34168.0,benchmarks/v13_external_blind/shift_screen/raw_atom_chem_shift_json/bmr4640_atom_chem_shift.json,2529087398055dc7925fc00a80d408a44816810c2837023a748f0a48f2b7402a,,
4641,2026-08-31T00:43:19.203041+00:00,https://api.bmrb.io/v2/entry/4641?loop=Atom_chem_shift,200,1,downloaded_successfully,235124.0,benchmarks/v13_external_blind/shift_screen/raw_atom_chem_shift_json/bmr4641_atom_chem_shift.json,5340212ccbcb85a4dc072ac262f185f94a3204ca84a92ca80a807836931a8043,,
4642,2026-08-31T00:43:19.723363+00:00,https://api.bmrb.io/v2/entry/4642?loop=Atom_chem_shift,200,1,downloaded_successfully,40387.0,benchmarks/v13_external_blind/shift_screen/raw_atom_chem_shift_json/bmr4642_atom_chem_shift.json,d62eefe35178273d01ce50d7459eeb0e6210c56da2e6a9aa3a905b44596b843b,,
4643,2026-08-31T00:43:20.237894+00:00,https://api.bmrb.io/v2/entry/4643?loop=Atom_chem_shift,200,1,downloaded_successfully,27845.0,benchmarks/v13_external_blind/shift_screen/raw_atom_chem_shift_json/bmr4643_atom_chem_shift.json,e5e97d55272f9087c34f3391f80ae43e3a78b9a48e620d8269da3505a0692b45,,
4644,2026-08-31T00:43:20.760712+00:00,https://api.bmrb.io/v2/entry/4644?loop=Atom_chem_shift,200,1,downloaded_successfully,34910.0,benchmarks/v13_external_blind/shift_screen/raw_atom_chem_shift_json/bmr4644_atom_chem_shift.json,0eb36bfed3b48a5b61f3ec651430bb6fd16caad7b173364d845a232616e04b79,,
4645,2026-08-31T00:43:21.277313+00:00,https://api.bmrb.io/v2/entry/4645?loop=Atom_chem_shift,200,1,downloaded_successfully,29260.0,benchmarks/v13_external_blind/shift_screen/raw_atom_chem_shift_json/bmr4645_atom_chem_shift.json,2ed42edaed69d5f4e05d41a0559b6c6d2a569f37a66bc87745c491baef5c86d2,,
4646,2026-08-31T00:43:21.795931+00:00,https://api.bmrb.io/v2/entry/4646?loop=Atom_chem_shift,200,1,downloaded_successfully,22185.0,benchmarks/v13_external_blind/shift_screen/raw_atom_chem_shift_json/bmr4646_atom_chem_shift.json,7da0cfb027a7d42ebe9648113d490fe22734e5279a135ef45e17f6285259849e,,
4647,2026-08-31T00:43:22.315486+00:00,https://api.bmrb.io/v2/entry/4647?loop=Atom_chem_shift,200,1,downloaded_successfully,29471.0,benchmarks/v13_external_blind/shift_screen/raw_atom_chem_shift_json/bmr4647_atom_chem_shift.json,0dc21e7d9e28202d44691c9689664cbe92b4e15d10714130bb12ae970a3a245a,,
4648,2026-08-31T00:43:23.207266+00:00,https://api.bmrb.io/v2/entry/4648?loop=Atom_chem_shift,200,1,downloaded_successfully,277936.0,benchmarks/v13_external_blind/shift_screen/raw_atom_chem_shift_json/bmr4648_atom_chem_shift.json,c10c31e86b8240d8e9b4a45b67b3af6d2895e7ff789bf7ee33ed3fc81f5fd209,,
4649,2026-08-31T00:43:23.997387+00:00,https://api.bmrb.io/v2/entry/4649?loop=Atom_chem_shift,200,1,downloaded_successfully,169669.0,benchmarks/v13_external_blind/shift_screen/raw_atom_chem_shift_json/bmr4649_atom_chem_shift.json,58fdc57835ed35810009434a5976945117045117572a6be3675550d492d85d1f,,
4650,2026-08-31T00:43:24.506457+00:00,https://api.bmrb.io/v2/entry/4650?loop=Atom_chem_shift,200,1,downloaded_successfully,28156.0,benchmarks/v13_external_blind/shift_screen/raw_atom_chem_shift_json/bmr4650_atom_chem_shift.json,2cc04721142f0a55ba27f08d112d919a0ec2b5e7b250bda8b4fd5daaa02df31e,,
4651,2026-08-31T00:43:25.020123+00:00,https://api.bmrb.io/v2/entry/4651?loop=Atom_chem_shift,200,1,downloaded_successfully,22242.0,benchmarks/v13_external_blind/shift_screen/raw_atom_chem_shift_json/bmr4651_atom_chem_shift.json,fba758db531f9c2b653761275a2d68bca4d4fbd309de770826b77fe956b4c49e,,
4652,2026-08-31T00:43:25.539094+00:00,https://api.bmrb.io/v2/entry/4652?loop=Atom_chem_shift,200,1,downloaded_successfully,34623.0,benchmarks/v13_external_blind/shift_screen/raw_atom_chem_shift_json/bmr4652_atom_chem_shift.json,2534a38d07682b9806d07c1b7129253b908d2e71d20fcfbfe043cb798b5c726e,,
4653,2026-08-31T00:43:26.053531+00:00,https://api.bmrb.io/v2/entry/4653?loop=Atom_chem_shift,200,1,downloaded_successfully,21824.0,benchmarks/v13_external_blind/shift_screen/raw_atom_chem_shift_json/bmr4653_atom_chem_shift.json,0554edd640a7bad17139fbff9906191183d6940f6513a177c9a7a965ba32e13e,,
4654,2026-08-31T00:43:26.570060+00:00,https://api.bmrb.io/v2/entry/4654?loop=Atom_chem_shift,200,1,downloaded_successfully,27381.0,benchmarks/v13_external_blind/shift_screen/raw_atom_chem_shift_json/bmr4654_atom_chem_shift.json,2705d26720efdbe16558876be1b957ed462accc0042533abe22e9ff477b980c7,,
4655,2026-08-31T00:43:27.081089+00:00,https://api.bmrb.io/v2/entry/4655?loop=Atom_chem_shift,200,1,downloaded_successfully,21562.0,benchmarks/v13_external_blind/shift_screen/raw_atom_chem_shift_json/bmr4655_atom_chem_shift.json,abadfb1090f14b0f991d4c5abf52e96a3669c716476e7d64925b6187ad2f1d66,,
4656,2026-08-31T00:43:27.598182+00:00,https://api.bmrb.io/v2/entry/4656?loop=Atom_chem_shift,200,1,downloaded_successfully,27278.0,benchmarks/v13_external_blind/shift_screen/raw_atom_chem_shift_json/bmr4656_atom_chem_shift.json,082ac3782f2ac7f6abe2a3440fd98a8d5dab7694e3aeff0575a997daa5104479,,
4661,2026-08-31T00:43:28.166255+00:00,https://api.bmrb.io/v2/entry/4661?loop=Atom_chem_shift,200,1,downloaded_successfully,116792.0,benchmarks/v13_external_blind/shift_screen/raw_atom_chem_shift_json/bmr4661_atom_chem_shift.json,474820824f7d3ae26da961d9fe7194c2cd789791eb9f983a07e9bb65cb19d8ee,,
4663,2026-08-31T00:43:28.717793+00:00,https://api.bmrb.io/v2/entry/4663?loop=Atom_chem_shift,200,1,downloaded_successfully,130393.0,benchmarks/v13_external_blind/shift_screen/raw_atom_chem_shift_json/bmr4663_atom_chem_shift.json,67b00623bfe89b123b003fe0f964f90166def730e004026fef56ada0bd2ed5f5,,
4664,2026-08-31T00:43:29.292536+00:00,https://api.bmrb.io/v2/entry/4664?loop=Atom_chem_shift,200,1,downloaded_successfully,147241.0,benchmarks/v13_external_blind/shift_screen/raw_atom_chem_shift_json/bmr4664_atom_chem_shift.json,29927c9c2a22732892a69f36768d2cfcdce7b9f2de5f433e094da3ab2de1c0f2,,
4666,2026-08-31T00:43:29.852244+00:00,https://api.bmrb.io/v2/entry/4666?loop=Atom_chem_shift,200,1,downloaded_successfully,123463.0,benchmarks/v13_external_blind/shift_screen/raw_atom_chem_shift_json/bmr4666_atom_chem_shift.json,08e6618b1b99f258b5caf5faf6a4286c73205ed658a23443e5d2f86bb60de0df,,
4667,2026-08-31T00:44:01.367815+00:00,https://api.bmrb.io/v2/entry/4667?loop=Atom_chem_shift,404,5,request_failed,,,,HTTPError,404 Client Error: NOT FOUND for url: https://api.bmrb.io/v2/entry/4667?loop=Atom_chem_shift
4668,2026-08-31T00:44:02.247348+00:00,https://api.bmrb.io/v2/entry/4668?loop=Atom_chem_shift,200,1,downloaded_successfully,259130.0,benchmarks/v13_external_blind/shift_screen/raw_atom_chem_shift_json/bmr4668_atom_chem_shift.json,046e9143c228931419129e470e4557836be459cc937c2dac67831df873f36ac4,,
4669,2026-08-31T00:44:02.906891+00:00,https://api.bmrb.io/v2/entry/4669?loop=Atom_chem_shift,200,1,downloaded_successfully,44231.0,benchmarks/v13_external_blind/shift_screen/raw_atom_chem_shift_json/bmr4669_atom_chem_shift.json,83d0ded186c2fdb74dfccb421d298c75e441c535ff9cb03af692777e47104ae7,,
4677,2026-08-31T00:44:03.480681+00:00,https://api.bmrb.io/v2/entry/4677?loop=Atom_chem_shift,200,1,downloaded_successfully,124736.0,benchmarks/v13_external_blind/shift_screen/raw_atom_chem_shift_json/bmr4677_atom_chem_shift.json,a7001483972e877d148397fb3da75de17e1bd87bdc538cb0ead386f8aaf29e29,,
4679,2026-08-31T00:44:04.354349+00:00,https://api.bmrb.io/v2/entry/4679?loop=Atom_chem_shift,200,1,downloaded_successfully,242145.0,benchmarks/v13_external_blind/shift_screen/raw_atom_chem_shift_json/bmr4679_atom_chem_shift.json,d56435a19868408d557e5b696da1a9593e0184767de5a78ecad1b390f1c393e5,,
4682,2026-08-31T00:44:05.477417+00:00,https://api.bmrb.io/v2/entry/4682?loop=Atom_chem_shift,200,1,downloaded_successfully,329589.0,benchmarks/v13_external_blind/shift_screen/raw_atom_chem_shift_json/bmr4682_atom_chem_shift.json,400efc8e626016b0b9e4d626a28962a883af7169a3a405a1e3b155569144cd19,,
4688,2026-08-31T00:44:06.490906+00:00,https://api.bmrb.io/v2/entry/4688?loop=Atom_chem_shift,200,1,downloaded_successfully,163623.0,benchmarks/v13_external_blind/shift_screen/raw_atom_chem_shift_json/bmr4688_atom_chem_shift.json,cc254a59e97ec35a0ac0050168c6f34a8f26910ee38f01ab6ed858140c9c3bb3,,
4692,2026-08-31T00:44:07.006572+00:00,https://api.bmrb.io/v2/entry/4692?loop=Atom_chem_shift,200,1,downloaded_successfully,36924.0,benchmarks/v13_external_blind/shift_screen/raw_atom_chem_shift_json/bmr4692_atom_chem_shift.json,dbc7a51392bc9c78a9c02bd0fa842cd33647dab4b3cb9ee4722b963ea8f4cf61,,
4697,2026-08-31T00:44:07.597489+00:00,https://api.bmrb.io/v2/entry/4697?loop=Atom_chem_shift,200,1,downloaded_successfully,151710.0,benchmarks/v13_external_blind/shift_screen/raw_atom_chem_shift_json/bmr4697_atom_chem_shift.json,f45d5e0372a729d0e7f10d2d355972ac5cd425416711e544fc6b1c571d927034,,
4700,2026-08-31T00:44:08.517600+00:00,https://api.bmrb.io/v2/entry/4700?loop=Atom_chem_shift,200,1,downloaded_successfully,356878.0,benchmarks/v13_external_blind/shift_screen/raw_atom_chem_shift_json/bmr4700_atom_chem_shift.json,3d39d4c0a9ceb328f475ac47f3a18e159447176ba8d466b708030a9ab9810f6d,,
4701,2026-08-31T00:44:11.937637+00:00,https://api.bmrb.io/v2/entry/4701?loop=Atom_chem_shift,200,1,downloaded_successfully,156902.0,benchmarks/v13_external_blind/shift_screen/raw_atom_chem_shift_json/bmr4701_atom_chem_shift.json,cf83b78b151873062983408f336c2326eb44f1527e4371edea940318d7e93294,,
4706,2026-08-31T00:44:12.783569+00:00,https://api.bmrb.io/v2/entry/4706?loop=Atom_chem_shift,200,1,downloaded_successfully,229392.0,benchmarks/v13_external_blind/shift_screen/raw_atom_chem_shift_json/bmr4706_atom_chem_shift.json,134c6fc491a5124f3c2489a3a7b3230683aca47946074ad73665dbde61997bcf,,
4716,2026-08-31T00:44:13.371025+00:00,https://api.bmrb.io/v2/entry/4716?loop=Atom_chem_shift,200,1,downloaded_successfully,163075.0,benchmarks/v13_external_blind/shift_screen/raw_atom_chem_shift_json/bmr4716_atom_chem_shift.json,e484f73bbdfd542b25cc3b1b299c52fa708039cb0ccbe0f74b446d36629487dc,,
4717,2026-08-31T00:44:14.248067+00:00,https://api.bmrb.io/v2/entry/4717?loop=Atom_chem_shift,200,1,downloaded_successfully,229949.0,benchmarks/v13_external_blind/shift_screen/raw_atom_chem_shift_json/bmr4717_atom_chem_shift.json,37e27b873e50bede035c6b6d25114767be6fac94431c8a26c626ebb322d54813,,
4721,2026-08-31T00:44:14.806631+00:00,https://api.bmrb.io/v2/entry/4721?loop=Atom_chem_shift,200,1,downloaded_successfully,128543.0,benchmarks/v13_external_blind/shift_screen/raw_atom_chem_shift_json/bmr4721_atom_chem_shift.json,2aaa634f935d36575da31148368964a49dd382092edcf01ee0d0d54646a27a2c,,
4725,2026-08-31T00:44:15.315928+00:00,https://api.bmrb.io/v2/entry/4725?loop=Atom_chem_shift,200,1,downloaded_successfully,23435.0,benchmarks/v13_external_blind/shift_screen/raw_atom_chem_shift_json/bmr4725_atom_chem_shift.json,4b164a57910aae32db54d908d68076e20cb9f35079f19bdb84a976d496b5098d,,
4735,2026-08-31T00:44:15.931875+00:00,https://api.bmrb.io/v2/entry/4735?loop=Atom_chem_shift,200,1,downloaded_successfully,125836.0,benchmarks/v13_external_blind/shift_screen/raw_atom_chem_shift_json/bmr4735_atom_chem_shift.json,e1943a2b841323e87c84238fc7a8daca0553940aee4b435d9e6882ec01af8e9d,,
4738,2026-08-31T00:44:16.737908+00:00,https://api.bmrb.io/v2/entry/4738?loop=Atom_chem_shift,200,1,downloaded_successfully,33.0,benchmarks/v13_external_blind/shift_screen/raw_atom_chem_shift_json/bmr4738_atom_chem_shift.json,3fff6ab24a315fe85218325e3f2383dabecb47cdfce47f3189f709e756eb3024,,
4740,2026-08-31T00:44:17.299402+00:00,https://api.bmrb.io/v2/entry/4740?loop=Atom_chem_shift,200,1,downloaded_successfully,73187.0,benchmarks/v13_external_blind/shift_screen/raw_atom_chem_shift_json/bmr4740_atom_chem_shift.json,88a3e06e7b89e0eab42a2aa36b066bcd0bd566412cc2915c1d7566db805b37bf,,
4743,2026-08-31T00:44:17.835332+00:00,https://api.bmrb.io/v2/entry/4743?loop=Atom_chem_shift,200,1,downloaded_successfully,62327.0,benchmarks/v13_external_blind/shift_screen/raw_atom_chem_shift_json/bmr4743_atom_chem_shift.json,a41056d18d3a3c150ea302af81466b9f429c5ab57ac932dc93896f3896e7ca06,,
4745,2026-08-31T00:44:18.340877+00:00,https://api.bmrb.io/v2/entry/4745?loop=Atom_chem_shift,200,1,downloaded_successfully,22914.0,benchmarks/v13_external_blind/shift_screen/raw_atom_chem_shift_json/bmr4745_atom_chem_shift.json,dcf462ff97262c5efa79be8c6245d238eddfb9eaef66072071d0bc6ac2e0f99f,,
4751,2026-08-31T00:44:18.905478+00:00,https://api.bmrb.io/v2/entry/4751?loop=Atom_chem_shift,200,1,downloaded_successfully,120672.0,benchmarks/v13_external_blind/shift_screen/raw_atom_chem_shift_json/bmr4751_atom_chem_shift.json,2dc15548c703b6f24cc1463499aac43b019442f41c6c6ce0d46b753964a4fa0e,,
4752,2026-08-31T00:44:19.466595+00:00,https://api.bmrb.io/v2/entry/4752?loop=Atom_chem_shift,200,1,downloaded_successfully,122954.0,benchmarks/v13_external_blind/shift_screen/raw_atom_chem_shift_json/bmr4752_atom_chem_shift.json,40a214090ebe0c7dad7b5f1e06bc0976f987558d25c9ff4643fae4348429c1ec,,
4754,2026-08-31T00:44:19.973242+00:00,https://api.bmrb.io/v2/entry/4754?loop=Atom_chem_shift,200,1,downloaded_successfully,25130.0,benchmarks/v13_external_blind/shift_screen/raw_atom_chem_shift_json/bmr4754_atom_chem_shift.json,f0db91b0d4591ea42bfeb722f06807b8958d988ce2ca02a20de45d16ad962c78,,
4757,2026-08-31T00:44:20.513623+00:00,https://api.bmrb.io/v2/entry/4757?loop=Atom_chem_shift,200,1,downloaded_successfully,68239.0,benchmarks/v13_external_blind/shift_screen/raw_atom_chem_shift_json/bmr4757_atom_chem_shift.json,ed0e2d66c63a526d1e961143ece46cc662d79ff121121d58df1e3c959eb533e8,,
4759,2026-08-31T00:44:21.039111+00:00,https://api.bmrb.io/v2/entry/4759?loop=Atom_chem_shift,200,1,downloaded_successfully,36798.0,benchmarks/v13_external_blind/shift_screen/raw_atom_chem_shift_json/bmr4759_atom_chem_shift.json,92d5bde0879811dc4eedf30694d568e928308dfc1b77c52c48356da624f8b940,,
4760,2026-08-31T00:44:21.556471+00:00,https://api.bmrb.io/v2/entry/4760?loop=Atom_chem_shift,200,1,downloaded_successfully,31436.0,benchmarks/v13_external_blind/shift_screen/raw_atom_chem_shift_json/bmr4760_atom_chem_shift.json,f10d3cc31edfd995d20cd1856dc16393e73eedbfef74e14149dd748c9152ebac,,
4771,2026-08-31T00:44:22.135328+00:00,https://api.bmrb.io/v2/entry/4771?loop=Atom_chem_shift,200,1,downloaded_successfully,150544.0,benchmarks/v13_external_blind/shift_screen/raw_atom_chem_shift_json/bmr4771_atom_chem_shift.json,360eaba3c40e71fc39fc21fa2cb2e6d2f15e13f0add0b62a3ab82d101e0b98b9,,
4775,2026-08-31T00:44:23.012377+00:00,https://api.bmrb.io/v2/entry/4775?loop=Atom_chem_shift,200,1,downloaded_successfully,283612.0,benchmarks/v13_external_blind/shift_screen/raw_atom_chem_shift_json/bmr4775_atom_chem_shift.json,7d7358866abdfde1f89560efc3933f207ba5f317f79c2cf47d41388e164b4933,,
4776,2026-08-31T00:44:54.599238+00:00,https://api.bmrb.io/v2/entry/4776?loop=Atom_chem_shift,404,5,request_failed,,,,HTTPError,404 Client Error: NOT FOUND for url: https://api.bmrb.io/v2/entry/4776?loop=Atom_chem_shift
4778,2026-08-31T00:44:55.162417+00:00,https://api.bmrb.io/v2/entry/4778?loop=Atom_chem_shift,200,1,downloaded_successfully,75054.0,benchmarks/v13_external_blind/shift_screen/raw_atom_chem_shift_json/bmr4778_atom_chem_shift.json,f24c38ec88e440fc7c5a2b14ee7892b7d2b6db63079c157172b6990fed25e254,,
4779,2026-08-31T00:44:55.954057+00:00,https://api.bmrb.io/v2/entry/4779?loop=Atom_chem_shift,200,1,downloaded_successfully,176321.0,benchmarks/v13_external_blind/shift_screen/raw_atom_chem_shift_json/bmr4779_atom_chem_shift.json,b46c3bc9f1a81e5eeb55269f9b644daba041ea6d8b18645daa662d87e0242185,,
4780,2026-08-31T00:44:56.489093+00:00,https://api.bmrb.io/v2/entry/4780?loop=Atom_chem_shift,200,1,downloaded_successfully,33431.0,benchmarks/v13_external_blind/shift_screen/raw_atom_chem_shift_json/bmr4780_atom_chem_shift.json,a8284d309f0434360cfb0d1d7c8fe6dd6b3264dc07138607a85557bfd79b7b68,,
4781,2026-08-31T00:44:57.051139+00:00,https://api.bmrb.io/v2/entry/4781?loop=Atom_chem_shift,200,1,downloaded_successfully,110307.0,benchmarks/v13_external_blind/shift_screen/raw_atom_chem_shift_json/bmr4781_atom_chem_shift.json,7b5ff66924bfba20917f7492585da01c8e536ce061d0cfc56a2a57a9474a735c,,
4791,2026-08-31T00:44:57.900744+00:00,https://api.bmrb.io/v2/entry/4791?loop=Atom_chem_shift,200,1,downloaded_successfully,228705.0,benchmarks/v13_external_blind/shift_screen/raw_atom_chem_shift_json/bmr4791_atom_chem_shift.json,bfc70e51b17836a6aadf5d47ee7cc43939a051dca15097faec273e2be306c998,,
4792,2026-08-31T00:44:58.450900+00:00,https://api.bmrb.io/v2/entry/4792?loop=Atom_chem_shift,200,1,downloaded_successfully,119023.0,benchmarks/v13_external_blind/shift_screen/raw_atom_chem_shift_json/bmr4792_atom_chem_shift.json,33a0fd466a29f633ca183667ee14f0a797a9e951c7ae4f279c928205b403f5fa,,
4797,2026-08-31T00:44:59.353778+00:00,https://api.bmrb.io/v2/entry/4797?loop=Atom_chem_shift,200,1,downloaded_successfully,284600.0,benchmarks/v13_external_blind/shift_screen/raw_atom_chem_shift_json/bmr4797_atom_chem_shift.json,5ca347aeac80a3503b65e9b05b03942049fefd4444bece040579cea5c4733ee6,,
4798,2026-08-31T00:44:59.987586+00:00,https://api.bmrb.io/v2/entry/4798?loop=Atom_chem_shift,200,1,downloaded_successfully,121018.0,benchmarks/v13_external_blind/shift_screen/raw_atom_chem_shift_json/bmr4798_atom_chem_shift.json,dac37a7d756b74a8eb51da0f4d0c44afc538999924120b99e2cea3fcba925f8d,,
4814,2026-08-31T00:45:00.835448+00:00,https://api.bmrb.io/v2/entry/4814?loop=Atom_chem_shift,200,1,downloaded_successfully,223648.0,benchmarks/v13_external_blind/shift_screen/raw_atom_chem_shift_json/bmr4814_atom_chem_shift.json,68ac630cf4d4e56113411664475ea8af9957739016a071bb4a045e723bda4c3b,,
4815,2026-08-31T00:45:01.396004+00:00,https://api.bmrb.io/v2/entry/4815?loop=Atom_chem_shift,200,1,downloaded_successfully,61015.0,benchmarks/v13_external_blind/shift_screen/raw_atom_chem_shift_json/bmr4815_atom_chem_shift.json,60e4d7ffac7e57bd85be2e51288fab324f3859b86ffa24bf11bb220888f72f5a,,
4816,2026-08-31T00:45:01.917330+00:00,https://api.bmrb.io/v2/entry/4816?loop=Atom_chem_shift,200,1,downloaded_successfully,43081.0,benchmarks/v13_external_blind/shift_screen/raw_atom_chem_shift_json/bmr4816_atom_chem_shift.json,01e662ecb05fc01c1ed09a57883e4b64978aa09974f41dbd0b310d91b415f4f8,,
4825,2026-08-31T00:45:02.752883+00:00,https://api.bmrb.io/v2/entry/4825?loop=Atom_chem_shift,200,1,downloaded_successfully,191099.0,benchmarks/v13_external_blind/shift_screen/raw_atom_chem_shift_json/bmr4825_atom_chem_shift.json,3840a89432cce87d149a3b1859e4bc91b9112012dd40bfd9d1d1a3cb4b1e9c96,,
4829,2026-08-31T00:45:03.316078+00:00,https://api.bmrb.io/v2/entry/4829?loop=Atom_chem_shift,200,1,downloaded_successfully,142207.0,benchmarks/v13_external_blind/shift_screen/raw_atom_chem_shift_json/bmr4829_atom_chem_shift.json,93bc80c0f298359aeafff617672c15827345879a4bd87b0bede29792b84bdc83,,
4833,2026-08-31T00:45:03.890221+00:00,https://api.bmrb.io/v2/entry/4833?loop=Atom_chem_shift,200,1,downloaded_successfully,149505.0,benchmarks/v13_external_blind/shift_screen/raw_atom_chem_shift_json/bmr4833_atom_chem_shift.json,0992208c87833849d27dde09bbf28fb903950e83baf1ff02d52e1bce973f9979,,
4837,2026-08-31T00:45:04.452485+00:00,https://api.bmrb.io/v2/entry/4837?loop=Atom_chem_shift,200,1,downloaded_successfully,121226.0,benchmarks/v13_external_blind/shift_screen/raw_atom_chem_shift_json/bmr4837_atom_chem_shift.json,6abe37f3a1536c670f5d1e3ee9c0273a6c719a4e3645713c095c96369a05a033,,
4838,2026-08-31T00:45:04.986306+00:00,https://api.bmrb.io/v2/entry/4838?loop=Atom_chem_shift,200,1,downloaded_successfully,69034.0,benchmarks/v13_external_blind/shift_screen/raw_atom_chem_shift_json/bmr4838_atom_chem_shift.json,91eefa915147b93021d6e387e1522f8a56d1b0d45e09a11319cb9c3f0c9dd243,,
4841,2026-08-31T00:45:05.973679+00:00,https://api.bmrb.io/v2/entry/4841?loop=Atom_chem_shift,200,1,downloaded_successfully,192359.0,benchmarks/v13_external_blind/shift_screen/raw_atom_chem_shift_json/bmr4841_atom_chem_shift.json,f7be2e3f7d8a22a9aa705402398ce7ba1adfb768475a17864977a7eb129f989a,,
