resource_type,filename,drive_path,size_bytes,sha256
bmrb_entity_comp_index,bmr4232_entity_comp_index.json,/content/drive/MyDrive/nmr_hsqc_predictor_v14/external_blind_cache/step48c1/bmrb_entity_comp_index_json/bmr4232_entity_comp_index.json,12249,3bc97977f7b77e06ab850f62283bec545b005657456d86deb87c6a7c70c3b597
bmrb_entity_comp_index,bmr4264_entity_comp_index.json,/content/drive/MyDrive/nmr_hsqc_predictor_v14/external_blind_cache/step48c1/bmrb_entity_comp_index_json/bmr4264_entity_comp_index.json,46672,d2359d7a506a5b0a8e354443e7528ce929eec9b77ecb6ac563592f857e3645db
bmrb_entity_comp_index,bmr4373_entity_comp_index.json,/content/drive/MyDrive/nmr_hsqc_predictor_v14/external_blind_cache/step48c1/bmrb_entity_comp_index_json/bmr4373_entity_comp_index.json,15309,cdd0434c5abd9089da4e67d74397da4663e80f5d1a6331ddb0dcf9e30d793a75
bmrb_entity_comp_index,bmr4378_entity_comp_index.json,/content/drive/MyDrive/nmr_hsqc_predictor_v14/external_blind_cache/step48c1/bmrb_entity_comp_index_json/bmr4378_entity_comp_index.json,25834,35d1e35658e89d0e0ff8ad6f30d0463fcdc5475a0c10c6f6f6a5fb2858f803dd
bmrb_entity_comp_index,bmr4386_entity_comp_index.json,/content/drive/MyDrive/nmr_hsqc_predictor_v14/external_blind_cache/step48c1/bmrb_entity_comp_index_json/bmr4386_entity_comp_index.json,22267,814653cbbd8a20fd76bcb20fe75c3ed293ec421de9e94f31e65249e95d431a2d
bmrb_entity_comp_index,bmr4391_entity_comp_index.json,/content/drive/MyDrive/nmr_hsqc_predictor_v14/external_blind_cache/step48c1/bmrb_entity_comp_index_json/bmr4391_entity_comp_index.json,9000,031162d3898279a75f3c125e9ef65b82a949a6a302638d4bd624aab17a61bd68
bmrb_entity_comp_index,bmr4394_entity_comp_index.json,/content/drive/MyDrive/nmr_hsqc_predictor_v14/external_blind_cache/step48c1/bmrb_entity_comp_index_json/bmr4394_entity_comp_index.json,13667,e2cc7cb807b4b4cbd3b4fb9a443c64e31b7ea5721121850ae9b1f1ed27473aef
bmrb_entity_comp_index,bmr4395_entity_comp_index.json,/content/drive/MyDrive/nmr_hsqc_predictor_v14/external_blind_cache/step48c1/bmrb_entity_comp_index_json/bmr4395_entity_comp_index.json,12696,f94d628e45aa0e2c081e0d7dfdbbe9b5ea7afe263a5504e733877e4b77b27c3e
bmrb_entity_comp_index,bmr4396_entity_comp_index.json,/content/drive/MyDrive/nmr_hsqc_predictor_v14/external_blind_cache/step48c1/bmrb_entity_comp_index_json/bmr4396_entity_comp_index.json,11508,df820e8b5e640004e0bb52217c21747dece46667bda04c3584e8ed22669b1399
bmrb_entity_comp_index,bmr4397_entity_comp_index.json,/content/drive/MyDrive/nmr_hsqc_predictor_v14/external_blind_cache/step48c1/bmrb_entity_comp_index_json/bmr4397_entity_comp_index.json,10452,4de5dc79c30aefaa968e31eff742f4528e2ecedfa78edec2a54d68f7237943ad
bmrb_entity_comp_index,bmr4401_entity_comp_index.json,/content/drive/MyDrive/nmr_hsqc_predictor_v14/external_blind_cache/step48c1/bmrb_entity_comp_index_json/bmr4401_entity_comp_index.json,19502,2cb2ae2da22788a456dbb4b6589a72517a2fc5faf0242cb6f5c210846304f547
bmrb_entity_comp_index,bmr4405_entity_comp_index.json,/content/drive/MyDrive/nmr_hsqc_predictor_v14/external_blind_cache/step48c1/bmrb_entity_comp_index_json/bmr4405_entity_comp_index.json,12036,02d1e25962420debd494038ffbe0b21b0af0f04fc1e2f3175121263f6f09b31f
bmrb_entity_comp_index,bmr4407_entity_comp_index.json,/content/drive/MyDrive/nmr_hsqc_predictor_v14/external_blind_cache/step48c1/bmrb_entity_comp_index_json/bmr4407_entity_comp_index.json,20538,85e80a4ddaa9957a6d05f1b1e68802c5d7eebe5cb9afebf118698b56f0ba25ab
bmrb_entity_comp_index,bmr4413_entity_comp_index.json,/content/drive/MyDrive/nmr_hsqc_predictor_v14/external_blind_cache/step48c1/bmrb_entity_comp_index_json/bmr4413_entity_comp_index.json,12036,547e7c5979dfdc89c70c50259803a65bcbd129297b11389cf6b88047fdc8aa32
bmrb_entity_comp_index,bmr4417_entity_comp_index.json,/content/drive/MyDrive/nmr_hsqc_predictor_v14/external_blind_cache/step48c1/bmrb_entity_comp_index_json/bmr4417_entity_comp_index.json,21336,9be356df96e4654ca243c105f87f42b3adbd782b5eb5d94a63de646c1c7d7518
bmrb_entity_comp_index,bmr4424_entity_comp_index.json,/content/drive/MyDrive/nmr_hsqc_predictor_v14/external_blind_cache/step48c1/bmrb_entity_comp_index_json/bmr4424_entity_comp_index.json,8604,e7f829178f8f6bccdc02b959854d5b98dfec1d1f4c9f69dd011b7e4206903251
bmrb_entity_comp_index,bmr4425_entity_comp_index.json,/content/drive/MyDrive/nmr_hsqc_predictor_v14/external_blind_cache/step48c1/bmrb_entity_comp_index_json/bmr4425_entity_comp_index.json,11112,1df20fdf6ea756a69fd490d1775c21bd9bb412f280f326184ba04671bbbd37f6
bmrb_entity_comp_index,bmr4426_entity_comp_index.json,/content/drive/MyDrive/nmr_hsqc_predictor_v14/external_blind_cache/step48c1/bmrb_entity_comp_index_json/bmr4426_entity_comp_index.json,11640,ebcabd35031ada62a53ca5444e2c0e6c17c0d1066a5aefec1022ac2dbd402f0e
bmrb_entity_comp_index,bmr4428_entity_comp_index.json,/content/drive/MyDrive/nmr_hsqc_predictor_v14/external_blind_cache/step48c1/bmrb_entity_comp_index_json/bmr4428_entity_comp_index.json,9199,debecfbe499bf4bc3e8a58137c9432f66abdcf1d752735de5f3ac7bf5fee99d5
bmrb_entity_comp_index,bmr4429_entity_comp_index.json,/content/drive/MyDrive/nmr_hsqc_predictor_v14/external_blind_cache/step48c1/bmrb_entity_comp_index_json/bmr4429_entity_comp_index.json,16149,8514046b580d89f3af678914b10d6c9926d4ce49e6beea26eee2fd7d06e9a97a
bmrb_entity_comp_index,bmr4430_entity_comp_index.json,/content/drive/MyDrive/nmr_hsqc_predictor_v14/external_blind_cache/step48c1/bmrb_entity_comp_index_json/bmr4430_entity_comp_index.json,12168,8c7836e4950b049a4a3003188900426fd8500820b5c86075db5095da2cbe9070
bmrb_entity_comp_index,bmr4431_entity_comp_index.json,/content/drive/MyDrive/nmr_hsqc_predictor_v14/external_blind_cache/step48c1/bmrb_entity_comp_index_json/bmr4431_entity_comp_index.json,18942,42524e4c9910d073becb557525ea3eb8bfe19abae0a66ba0080b1c5add711168
bmrb_entity_comp_index,bmr4437_entity_comp_index.json,/content/drive/MyDrive/nmr_hsqc_predictor_v14/external_blind_cache/step48c1/bmrb_entity_comp_index_json/bmr4437_entity_comp_index.json,12960,9268de2a9359acccc31669eb821bcf22cc365f1aa229988905a9e37e084847d3
bmrb_entity_comp_index,bmr4445_entity_comp_index.json,/content/drive/MyDrive/nmr_hsqc_predictor_v14/external_blind_cache/step48c1/bmrb_entity_comp_index_json/bmr4445_entity_comp_index.json,12300,852f2f1bce6f3626f41d821aa9cab1081be28dea418c8103ad286adc45e2c7a5
bmrb_entity_comp_index,bmr4447_entity_comp_index.json,/content/drive/MyDrive/nmr_hsqc_predictor_v14/external_blind_cache/step48c1/bmrb_entity_comp_index_json/bmr4447_entity_comp_index.json,22533,a7874cec39d7e3f31e524ebea2e47632ab3430c5e0875cda689628e11f3cec66
bmrb_entity_comp_index,bmr4448_entity_comp_index.json,/content/drive/MyDrive/nmr_hsqc_predictor_v14/external_blind_cache/step48c1/bmrb_entity_comp_index_json/bmr4448_entity_comp_index.json,22350,604d47ae8ede640b3ff56c47fa7f36efe5c3134abf5235aba6356090056f505d
bmrb_entity_comp_index,bmr4452_entity_comp_index.json,/content/drive/MyDrive/nmr_hsqc_predictor_v14/external_blind_cache/step48c1/bmrb_entity_comp_index_json/bmr4452_entity_comp_index.json,17346,def4be976deec85c55507d1e69a4dcb8e854d068fbb4c3a3d17fa359bcb903c0
bmrb_entity_comp_index,bmr4455_entity_comp_index.json,/content/drive/MyDrive/nmr_hsqc_predictor_v14/external_blind_cache/step48c1/bmrb_entity_comp_index_json/bmr4455_entity_comp_index.json,12828,fc82301c68d7715781713a8e4e0fb366a7816cb13d65edfe2eac3c052e143694
bmrb_entity_comp_index,bmr4467_entity_comp_index.json,/content/drive/MyDrive/nmr_hsqc_predictor_v14/external_blind_cache/step48c1/bmrb_entity_comp_index_json/bmr4467_entity_comp_index.json,16814,d5564d702980387e2006a28ec73ef64d7c90700d7307e2f4e9c594deeff4a51d
bmrb_entity_comp_index,bmr4473_entity_comp_index.json,/content/drive/MyDrive/nmr_hsqc_predictor_v14/external_blind_cache/step48c1/bmrb_entity_comp_index_json/bmr4473_entity_comp_index.json,6396,1b5eb727076e3dcb73c87fb13d51e98236a63aa8251553c1d32fedb7182af787
bmrb_entity_comp_index,bmr4475_entity_comp_index.json,/content/drive/MyDrive/nmr_hsqc_predictor_v14/external_blind_cache/step48c1/bmrb_entity_comp_index_json/bmr4475_entity_comp_index.json,6471,98c1c1189f9dee6a6ef23fcedd7450cddff38a2a19476d61988fd11f5d84dacb
bmrb_entity_comp_index,bmr4478_entity_comp_index.json,/content/drive/MyDrive/nmr_hsqc_predictor_v14/external_blind_cache/step48c1/bmrb_entity_comp_index_json/bmr4478_entity_comp_index.json,12300,19a5091a3284484d898dff3314f2c81037910c8710c5debb29c9c079356cefd2
bmrb_entity_comp_index,bmr4486_entity_comp_index.json,/content/drive/MyDrive/nmr_hsqc_predictor_v14/external_blind_cache/step48c1/bmrb_entity_comp_index_json/bmr4486_entity_comp_index.json,18543,c4dba17a240b3a31aa50008003de6cbadd2159ff0bdf1320310fe258b45e0836
bmrb_entity_comp_index,bmr4491_entity_comp_index.json,/content/drive/MyDrive/nmr_hsqc_predictor_v14/external_blind_cache/step48c1/bmrb_entity_comp_index_json/bmr4491_entity_comp_index.json,16149,5d19b4cfcbb565be2ba7f29e88e177131dfb756b28b61d08a4306f6736d3ee2a
bmrb_entity_comp_index,bmr4492_entity_comp_index.json,/content/drive/MyDrive/nmr_hsqc_predictor_v14/external_blind_cache/step48c1/bmrb_entity_comp_index_json/bmr4492_entity_comp_index.json,27696,3236cef17f8320e6d9ee002e95694dd1ba1891545624c47fb57be77a9f33160a
bmrb_entity_comp_index,bmr4493_entity_comp_index.json,/content/drive/MyDrive/nmr_hsqc_predictor_v14/external_blind_cache/step48c1/bmrb_entity_comp_index_json/bmr4493_entity_comp_index.json,10320,5dea1d622fa6d2ec469b436a8ac8800528dc3ab6fa0c82657fca1954a950f7f6
bmrb_entity_comp_index,bmr4494_entity_comp_index.json,/content/drive/MyDrive/nmr_hsqc_predictor_v14/external_blind_cache/step48c1/bmrb_entity_comp_index_json/bmr4494_entity_comp_index.json,11244,757eb79cfe02bd44ecc75b88f4df57ac6ba7ab085139d754a897be662791ec26
bmrb_entity_comp_index,bmr4496_entity_comp_index.json,/content/drive/MyDrive/nmr_hsqc_predictor_v14/external_blind_cache/step48c1/bmrb_entity_comp_index_json/bmr4496_entity_comp_index.json,12828,9236950efb13211cc31bedc256380233f6d510467547aefbe1b7d20fa307439a
bmrb_entity_comp_index,bmr4497_entity_comp_index.json,/content/drive/MyDrive/nmr_hsqc_predictor_v14/external_blind_cache/step48c1/bmrb_entity_comp_index_json/bmr4497_entity_comp_index.json,21602,6e259a04f6a5b84533badb745fb7f88348685f65530e71232b6c1ea91839b61b
bmrb_entity_comp_index,bmr4498_entity_comp_index.json,/content/drive/MyDrive/nmr_hsqc_predictor_v14/external_blind_cache/step48c1/bmrb_entity_comp_index_json/bmr4498_entity_comp_index.json,8715,55f12d39e9b0493041d25bf5664c36dba728ef65fc08b9140f6ab9538b649736
bmrb_entity_comp_index,bmr4510_entity_comp_index.json,/content/drive/MyDrive/nmr_hsqc_predictor_v14/external_blind_cache/step48c1/bmrb_entity_comp_index_json/bmr4510_entity_comp_index.json,8208,209c1f6e87a76a41d9ad4bf81b4effab009d80514db8841fe15e4a056743b3a4
bmrb_entity_comp_index,bmr4514_entity_comp_index.json,/content/drive/MyDrive/nmr_hsqc_predictor_v14/external_blind_cache/step48c1/bmrb_entity_comp_index_json/bmr4514_entity_comp_index.json,6603,31a6b0b28684cdd89b246c30980cbf4e6019980e1440cb7af54fa872bbdf4c4c
bmrb_entity_comp_index,bmr4516_entity_comp_index.json,/content/drive/MyDrive/nmr_hsqc_predictor_v14/external_blind_cache/step48c1/bmrb_entity_comp_index_json/bmr4516_entity_comp_index.json,15176,924168dd88d787f11ff563c6b2a09b735a8466fa51a8c9731df19433dd95a701
bmrb_entity_comp_index,bmr4519_entity_comp_index.json,/content/drive/MyDrive/nmr_hsqc_predictor_v14/external_blind_cache/step48c1/bmrb_entity_comp_index_json/bmr4519_entity_comp_index.json,21070,587510fa1c7240e7ac9a867a83d79f05c69e9cb54f2337939571a00e83ee00ab
bmrb_entity_comp_index,bmr4524_entity_comp_index.json,/content/drive/MyDrive/nmr_hsqc_predictor_v14/external_blind_cache/step48c1/bmrb_entity_comp_index_json/bmr4524_entity_comp_index.json,10035,bdbdc73941e5715b9c4c635c96db13bad635e6c4fcfacc17adc03d712d474daf
bmrb_entity_comp_index,bmr4527_entity_comp_index.json,/content/drive/MyDrive/nmr_hsqc_predictor_v14/external_blind_cache/step48c1/bmrb_entity_comp_index_json/bmr4527_entity_comp_index.json,16681,67b6235f2ac9cd21a5f8dc1cdfa1bc14790bdedb705ad62fc3f5aadd9915fc0a
bmrb_entity_comp_index,bmr4528_entity_comp_index.json,/content/drive/MyDrive/nmr_hsqc_predictor_v14/external_blind_cache/step48c1/bmrb_entity_comp_index_json/bmr4528_entity_comp_index.json,17057,168be84fdb86215c4e891aae162f5977f0b1733f822d5c4790573dbb5c00a05d
bmrb_entity_comp_index,bmr4540_entity_comp_index.json,/content/drive/MyDrive/nmr_hsqc_predictor_v14/external_blind_cache/step48c1/bmrb_entity_comp_index_json/bmr4540_entity_comp_index.json,8736,863bf8650168ea26eb9045ec6ab05096fefbd60e3fd7266cfa558f0ef664850f
bmrb_entity_comp_index,bmr4553_entity_comp_index.json,/content/drive/MyDrive/nmr_hsqc_predictor_v14/external_blind_cache/step48c1/bmrb_entity_comp_index_json/bmr4553_entity_comp_index.json,26091,c97f8dd8c065a7e5b66f38b8a7e1d3e1a47d9ed44268d0ae81c1e5e90e26074c
bmrb_entity_comp_index,bmr4566_entity_comp_index.json,/content/drive/MyDrive/nmr_hsqc_predictor_v14/external_blind_cache/step48c1/bmrb_entity_comp_index_json/bmr4566_entity_comp_index.json,17589,ae930dfd7bd34722ae6e4aacb962d17bb9d8496522e9a1e430f8a876e71528f0
bmrb_entity_comp_index,bmr4574_entity_comp_index.json,/content/drive/MyDrive/nmr_hsqc_predictor_v14/external_blind_cache/step48c1/bmrb_entity_comp_index_json/bmr4574_entity_comp_index.json,16415,4227ae57643a6f0809a3d6bee667f1eff4c29396018676cd96155d9e56d42b5b
bmrb_entity_comp_index,bmr4577_entity_comp_index.json,/content/drive/MyDrive/nmr_hsqc_predictor_v14/external_blind_cache/step48c1/bmrb_entity_comp_index_json/bmr4577_entity_comp_index.json,21595,19a9bf2a4cfa2ad92af6bf8716c5c18a08217de6dd7acc578d15679a6d22bc9c
bmrb_entity_comp_index,bmr4579_entity_comp_index.json,/content/drive/MyDrive/nmr_hsqc_predictor_v14/external_blind_cache/step48c1/bmrb_entity_comp_index_json/bmr4579_entity_comp_index.json,12285,f741abb9d5de348db38b5f3f75c9572765f1d87396ed2b5a2bb96ade252dd8c0
bmrb_entity_comp_index,bmr4581_entity_comp_index.json,/content/drive/MyDrive/nmr_hsqc_predictor_v14/external_blind_cache/step48c1/bmrb_entity_comp_index_json/bmr4581_entity_comp_index.json,10188,7151a7a0b8bdfc6c2dccbb1451825a37a03cd5a2318704620622b272b54b4373
bmrb_entity_comp_index,bmr4583_entity_comp_index.json,/content/drive/MyDrive/nmr_hsqc_predictor_v14/external_blind_cache/step48c1/bmrb_entity_comp_index_json/bmr4583_entity_comp_index.json,11276,0912a1ef6dc2e80dc6b34b2fe432fc8a8c483e77ee581994645d42428ce88462
bmrb_entity_comp_index,bmr4584_entity_comp_index.json,/content/drive/MyDrive/nmr_hsqc_predictor_v14/external_blind_cache/step48c1/bmrb_entity_comp_index_json/bmr4584_entity_comp_index.json,7595,35aefaff8d0cf3a6908a7f396bf1dca5c0be343dae909ea1f87865598dceb8b2
bmrb_entity_comp_index,bmr4588_entity_comp_index.json,/content/drive/MyDrive/nmr_hsqc_predictor_v14/external_blind_cache/step48c1/bmrb_entity_comp_index_json/bmr4588_entity_comp_index.json,8166,4db2c357ea2ea22937827cc868f47e4a21192c1ebadc88f78b73c11987f861c7
bmrb_entity_comp_index,bmr4589_entity_comp_index.json,/content/drive/MyDrive/nmr_hsqc_predictor_v14/external_blind_cache/step48c1/bmrb_entity_comp_index_json/bmr4589_entity_comp_index.json,12696,4824c8d24b42c8432c50a7052e3eb65538e20bf52abf530a3733a41b4972e681
bmrb_entity_comp_index,bmr4590_entity_comp_index.json,/content/drive/MyDrive/nmr_hsqc_predictor_v14/external_blind_cache/step48c1/bmrb_entity_comp_index_json/bmr4590_entity_comp_index.json,9924,3e59e77d83bf51a725b668981bf10ec235a1aadde62821947fac92abb38c78ff
bmrb_entity_comp_index,bmr4593_entity_comp_index.json,/content/drive/MyDrive/nmr_hsqc_predictor_v14/external_blind_cache/step48c1/bmrb_entity_comp_index_json/bmr4593_entity_comp_index.json,13152,768ad5828a17e948c4bee7bad8716cd1b9850780847ae639d31d432a133a3244
bmrb_entity_comp_index,bmr4599_entity_comp_index.json,/content/drive/MyDrive/nmr_hsqc_predictor_v14/external_blind_cache/step48c1/bmrb_entity_comp_index_json/bmr4599_entity_comp_index.json,21924,018749d1f514a4c43bf49c05c01be4e0f6a463652782123945264becb21dd2f2
bmrb_entity_comp_index,bmr4600_entity_comp_index.json,/content/drive/MyDrive/nmr_hsqc_predictor_v14/external_blind_cache/step48c1/bmrb_entity_comp_index_json/bmr4600_entity_comp_index.json,8643,80dc59e0a5eb90a444a5de6a83c404e192935419da088c07b67c23b94d490bc4
bmrb_entity_comp_index,bmr4602_entity_comp_index.json,/content/drive/MyDrive/nmr_hsqc_predictor_v14/external_blind_cache/step48c1/bmrb_entity_comp_index_json/bmr4602_entity_comp_index.json,13072,7e46d723d89ddccbf001478e0852bf07a945d178bd3cb45514b6086898e02a94
bmrb_entity_comp_index,bmr4603_entity_comp_index.json,/content/drive/MyDrive/nmr_hsqc_predictor_v14/external_blind_cache/step48c1/bmrb_entity_comp_index_json/bmr4603_entity_comp_index.json,10920,1459d4e5eab614cf732423751ee5c8e5768de28fe6e8a84a97ef74ccc5326076
bmrb_entity_comp_index,bmr4619_entity_comp_index.json,/content/drive/MyDrive/nmr_hsqc_predictor_v14/external_blind_cache/step48c1/bmrb_entity_comp_index_json/bmr4619_entity_comp_index.json,7969,2a156939533156189e1d332f59d55fdc8369418c2e68b4a04c329de3da82eb21
bmrb_entity_comp_index,bmr4620_entity_comp_index.json,/content/drive/MyDrive/nmr_hsqc_predictor_v14/external_blind_cache/step48c1/bmrb_entity_comp_index_json/bmr4620_entity_comp_index.json,15309,5266bc5200a519026b2f69cc0ca05ad69165969773d8acdfcfb1ad56bc0433b5
bmrb_entity_comp_index,bmr4621_entity_comp_index.json,/content/drive/MyDrive/nmr_hsqc_predictor_v14/external_blind_cache/step48c1/bmrb_entity_comp_index_json/bmr4621_entity_comp_index.json,12493,d35bccbf8983a89fbf39138b1e6798d5516784e22fd4b0960b6ac8fd7e51a862
bmrb_entity_comp_index,bmr4622_entity_comp_index.json,/content/drive/MyDrive/nmr_hsqc_predictor_v14/external_blind_cache/step48c1/bmrb_entity_comp_index_json/bmr4622_entity_comp_index.json,8658,d73bd2f4eb7ce0a2565068c8e188d31df55600d0931051ea3686d25904880f7d
bmrb_entity_comp_index,bmr4623_entity_comp_index.json,/content/drive/MyDrive/nmr_hsqc_predictor_v14/external_blind_cache/step48c1/bmrb_entity_comp_index_json/bmr4623_entity_comp_index.json,11850,5bdc45c051b97bf4dc238e5a049eb7b6701f21f29636d3e88b15fcc3f3146bea
bmrb_entity_comp_index,bmr4636_entity_comp_index.json,/content/drive/MyDrive/nmr_hsqc_predictor_v14/external_blind_cache/step48c1/bmrb_entity_comp_index_json/bmr4636_entity_comp_index.json,22666,9fca94fed78a4352018accb74454aea1d88baecc44bcaeae3390a3547c51dc52
bmrb_entity_comp_index,bmr4637_entity_comp_index.json,/content/drive/MyDrive/nmr_hsqc_predictor_v14/external_blind_cache/step48c1/bmrb_entity_comp_index_json/bmr4637_entity_comp_index.json,8391,b2625eb3e266941b0dc97c97891609cc9107f802d3b291e265c7c5dd5707de6f
bmrb_entity_comp_index,bmr4638_entity_comp_index.json,/content/drive/MyDrive/nmr_hsqc_predictor_v14/external_blind_cache/step48c1/bmrb_entity_comp_index_json/bmr4638_entity_comp_index.json,12960,ad39383609d7a4a9706bc8e84103f1d47a1b6798b18031c937c265480c37287a
bmrb_entity_comp_index,bmr4641_entity_comp_index.json,/content/drive/MyDrive/nmr_hsqc_predictor_v14/external_blind_cache/step48c1/bmrb_entity_comp_index_json/bmr4641_entity_comp_index.json,19885,6912af2ac07ac7e9e549712803da4f656ce56920fc0fd43eeaf25ecd5acfa871
bmrb_entity_comp_index,bmr4648_entity_comp_index.json,/content/drive/MyDrive/nmr_hsqc_predictor_v14/external_blind_cache/step48c1/bmrb_entity_comp_index_json/bmr4648_entity_comp_index.json,28252,94c9f83e48e380a3f53acf21d23573298eb389e064a7cd6ec0c7fb16cf674955
bmrb_entity_comp_index,bmr4649_entity_comp_index.json,/content/drive/MyDrive/nmr_hsqc_predictor_v14/external_blind_cache/step48c1/bmrb_entity_comp_index_json/bmr4649_entity_comp_index.json,18011,0d62d8c23542249389a0facded45d5a99a1cb7905e9aa9927ea5b1ef47687474
bmrb_entity_comp_index,bmr4661_entity_comp_index.json,/content/drive/MyDrive/nmr_hsqc_predictor_v14/external_blind_cache/step48c1/bmrb_entity_comp_index_json/bmr4661_entity_comp_index.json,13092,a52b7775ccebadc36942eded046df71796802e306dc1fe429c46aa1629dd23ca
bmrb_entity_comp_index,bmr4663_entity_comp_index.json,/content/drive/MyDrive/nmr_hsqc_predictor_v14/external_blind_cache/step48c1/bmrb_entity_comp_index_json/bmr4663_entity_comp_index.json,10320,fac8c0b6d4ba6a262b587eac8aeaf4bf434e25926c218e0f8f1da09bde9a3ba2
bmrb_entity_comp_index,bmr4664_entity_comp_index.json,/content/drive/MyDrive/nmr_hsqc_predictor_v14/external_blind_cache/step48c1/bmrb_entity_comp_index_json/bmr4664_entity_comp_index.json,21070,28fdb730b93ab6b91dbed1eeb93246f0b0e980682a798bcf46cc51ccd8faa8fe
bmrb_entity_comp_index,bmr4666_entity_comp_index.json,/content/drive/MyDrive/nmr_hsqc_predictor_v14/external_blind_cache/step48c1/bmrb_entity_comp_index_json/bmr4666_entity_comp_index.json,10942,b2b3f605fd05a60c3d5c42ae891288158edd6012434c7f6cf26a84cab0af2ac5
bmrb_entity_comp_index,bmr4668_entity_comp_index.json,/content/drive/MyDrive/nmr_hsqc_predictor_v14/external_blind_cache/step48c1/bmrb_entity_comp_index_json/bmr4668_entity_comp_index.json,20472,997422d0327b8932b776b47b4abcbf73edd178bcdb238e034331916dedd2b37e
bmrb_entity_comp_index,bmr4677_entity_comp_index.json,/content/drive/MyDrive/nmr_hsqc_predictor_v14/external_blind_cache/step48c1/bmrb_entity_comp_index_json/bmr4677_entity_comp_index.json,11091,0790a51288469356a894ca013449bb0ae80b31c288c94ca587425ddec481e5f2
bmrb_entity_comp_index,bmr4679_entity_comp_index.json,/content/drive/MyDrive/nmr_hsqc_predictor_v14/external_blind_cache/step48c1/bmrb_entity_comp_index_json/bmr4679_entity_comp_index.json,22732,c2edccdd72ee6d008b3abd15c4c52eeb575004e88747b80eae3dabf3601dc232
bmrb_entity_comp_index,bmr4682_entity_comp_index.json,/content/drive/MyDrive/nmr_hsqc_predictor_v14/external_blind_cache/step48c1/bmrb_entity_comp_index_json/bmr4682_entity_comp_index.json,18387,ed34c3985e8add620651e84595c320146e69c7a106b19aab59360db984758614
bmrb_entity_comp_index,bmr4688_entity_comp_index.json,/content/drive/MyDrive/nmr_hsqc_predictor_v14/external_blind_cache/step48c1/bmrb_entity_comp_index_json/bmr4688_entity_comp_index.json,14952,4e556b5631c0e45805b3d2bdb9e252d34dccce2bb8f85357af88b0308bde7ee9
bmrb_entity_comp_index,bmr4697_entity_comp_index.json,/content/drive/MyDrive/nmr_hsqc_predictor_v14/external_blind_cache/step48c1/bmrb_entity_comp_index_json/bmr4697_entity_comp_index.json,15085,3b22c2ae7923baebec175a4eddbb3d289b3cae2c502e0f74e121ba2be5616cf2
bmrb_entity_comp_index,bmr4700_entity_comp_index.json,/content/drive/MyDrive/nmr_hsqc_predictor_v14/external_blind_cache/step48c1/bmrb_entity_comp_index_json/bmr4700_entity_comp_index.json,31502,aa375f3a9bce1caf9683cf2d739277b6dfbcbce25ba5c70e7eab3912051ed1a5
bmrb_entity_comp_index,bmr4701_entity_comp_index.json,/content/drive/MyDrive/nmr_hsqc_predictor_v14/external_blind_cache/step48c1/bmrb_entity_comp_index_json/bmr4701_entity_comp_index.json,18277,f535551d611102b7aca970cd7f718c8700268a7ddf561b55363e6a893d14935d
bmrb_entity_comp_index,bmr4706_entity_comp_index.json,/content/drive/MyDrive/nmr_hsqc_predictor_v14/external_blind_cache/step48c1/bmrb_entity_comp_index_json/bmr4706_entity_comp_index.json,20538,c1a19228a7952ec54002579fec4d9fc2b643e5f29eecaecf27008d2ecdd32286
bmrb_entity_comp_index,bmr4716_entity_comp_index.json,/content/drive/MyDrive/nmr_hsqc_predictor_v14/external_blind_cache/step48c1/bmrb_entity_comp_index_json/bmr4716_entity_comp_index.json,24395,8f50b7f3e4e00f1dd08f3870288b0c164dd60a7e53eba106509a79ebb02a5466
bmrb_entity_comp_index,bmr4717_entity_comp_index.json,/content/drive/MyDrive/nmr_hsqc_predictor_v14/external_blind_cache/step48c1/bmrb_entity_comp_index_json/bmr4717_entity_comp_index.json,19341,c3aef2b66d31f8b9c0d9b52ddacbb61dd923f297a37ebbbdbe224a7a1f01c45b
bmrb_entity_comp_index,bmr4721_entity_comp_index.json,/content/drive/MyDrive/nmr_hsqc_predictor_v14/external_blind_cache/step48c1/bmrb_entity_comp_index_json/bmr4721_entity_comp_index.json,10980,f5d5199aa83098b474cbc3e39abaf852840b878ef499e687e20b21ec7d0aee3f
bmrb_entity_comp_index,bmr4735_entity_comp_index.json,/content/drive/MyDrive/nmr_hsqc_predictor_v14/external_blind_cache/step48c1/bmrb_entity_comp_index_json/bmr4735_entity_comp_index.json,21868,973f5cabf75fcc8a3246bb4d46b3808a9f208ac0af325454339f4fbc832e7411
bmrb_entity_comp_index,bmr4740_entity_comp_index.json,/content/drive/MyDrive/nmr_hsqc_predictor_v14/external_blind_cache/step48c1/bmrb_entity_comp_index_json/bmr4740_entity_comp_index.json,9660,a6b0d8adedf687380dbd9947143ed24125437142542d556c82af62eb10abd1c2
bmrb_entity_comp_index,bmr4751_entity_comp_index.json,/content/drive/MyDrive/nmr_hsqc_predictor_v14/external_blind_cache/step48c1/bmrb_entity_comp_index_json/bmr4751_entity_comp_index.json,17479,1e0dc6af275677b221f27a4170a413d203572752dad1b0f58ab41bcae79b5e15
bmrb_entity_comp_index,bmr4752_entity_comp_index.json,/content/drive/MyDrive/nmr_hsqc_predictor_v14/external_blind_cache/step48c1/bmrb_entity_comp_index_json/bmr4752_entity_comp_index.json,9264,97298e15fd3c2c37b25030062f0a98875ce36fdefcea5bae8836ede583176a5b
bmrb_entity_comp_index,bmr4757_entity_comp_index.json,/content/drive/MyDrive/nmr_hsqc_predictor_v14/external_blind_cache/step48c1/bmrb_entity_comp_index_json/bmr4757_entity_comp_index.json,6492,727fb5527d06160ff10086eb7c02860b706192e4e9193234ce6fe1132bc3ba64
bmrb_entity_comp_index,bmr4759_entity_comp_index.json,/content/drive/MyDrive/nmr_hsqc_predictor_v14/external_blind_cache/step48c1/bmrb_entity_comp_index_json/bmr4759_entity_comp_index.json,14663,93ba4700a0298b470708d8dcff36f7cfd34bb453cd1077e19b823dbd400358f1
bmrb_entity_comp_index,bmr4771_entity_comp_index.json,/content/drive/MyDrive/nmr_hsqc_predictor_v14/external_blind_cache/step48c1/bmrb_entity_comp_index_json/bmr4771_entity_comp_index.json,14287,b065037c27b10599f5476399404fcdec9f8530a9f4b409ec064d8e4a131d0b0f
bmrb_entity_comp_index,bmr4775_entity_comp_index.json,/content/drive/MyDrive/nmr_hsqc_predictor_v14/external_blind_cache/step48c1/bmrb_entity_comp_index_json/bmr4775_entity_comp_index.json,25345,b716b699886e3cbb3c7b4d2f7b0a434bcb98d61bb0df8cd38ad6745c9b8bbe7b
bmrb_entity_comp_index,bmr4778_entity_comp_index.json,/content/drive/MyDrive/nmr_hsqc_predictor_v14/external_blind_cache/step48c1/bmrb_entity_comp_index_json/bmr4778_entity_comp_index.json,24889,539a25a53111b61f237a935360ef4f9d1e05416fe5a7c6ad339bf8d072b0446a
bmrb_entity_comp_index,bmr4779_entity_comp_index.json,/content/drive/MyDrive/nmr_hsqc_predictor_v14/external_blind_cache/step48c1/bmrb_entity_comp_index_json/bmr4779_entity_comp_index.json,16574,f39fbfbf85659136dd9f9faf319bb41e32d594056fde318d55a6abc3e88a7f20
bmrb_entity_comp_index,bmr4781_entity_comp_index.json,/content/drive/MyDrive/nmr_hsqc_predictor_v14/external_blind_cache/step48c1/bmrb_entity_comp_index_json/bmr4781_entity_comp_index.json,10254,5dea3e8a9b6e7776c15e7a7d0f9e094d8773cb82efab97ef1eba1daa01313db1
bmrb_entity_comp_index,bmr4791_entity_comp_index.json,/content/drive/MyDrive/nmr_hsqc_predictor_v14/external_blind_cache/step48c1/bmrb_entity_comp_index_json/bmr4791_entity_comp_index.json,19351,18506d41f60450107ee5935a0e426c14085aacb08529b9d6f41fe2df85f21fec
bmrb_entity_comp_index,bmr4792_entity_comp_index.json,/content/drive/MyDrive/nmr_hsqc_predictor_v14/external_blind_cache/step48c1/bmrb_entity_comp_index_json/bmr4792_entity_comp_index.json,11244,9629ab7a41717c054d1baeb757327e2b566f11920ff87d7c190f114517f7e064
bmrb_entity_comp_index,bmr4797_entity_comp_index.json,/content/drive/MyDrive/nmr_hsqc_predictor_v14/external_blind_cache/step48c1/bmrb_entity_comp_index_json/bmr4797_entity_comp_index.json,23996,86f359458d3b2856b00dea4dee8fa2fd326b2196525bdceefa522eca96c90ce4
bmrb_entity_comp_index,bmr4798_entity_comp_index.json,/content/drive/MyDrive/nmr_hsqc_predictor_v14/external_blind_cache/step48c1/bmrb_entity_comp_index_json/bmr4798_entity_comp_index.json,25834,e9e7553a2f832cde07cbc8c7ac156ea9696926eb25b01458536590315fef4134
bmrb_entity_comp_index,bmr4814_entity_comp_index.json,/content/drive/MyDrive/nmr_hsqc_predictor_v14/external_blind_cache/step48c1/bmrb_entity_comp_index_json/bmr4814_entity_comp_index.json,22001,4804a80ac71ca038973598f1fc1345973c115e7ed033fe4c1469b4837858142f
bmrb_entity_comp_index,bmr4825_entity_comp_index.json,/content/drive/MyDrive/nmr_hsqc_predictor_v14/external_blind_cache/step48c1/bmrb_entity_comp_index_json/bmr4825_entity_comp_index.json,14390,da3729d29e1ba71357de889f3fc1e2aca804a352ae06e9fdf15c567fc97ccc31
bmrb_entity_comp_index,bmr4829_entity_comp_index.json,/content/drive/MyDrive/nmr_hsqc_predictor_v14/external_blind_cache/step48c1/bmrb_entity_comp_index_json/bmr4829_entity_comp_index.json,13224,125a72bf12dff37c68d378e763c1dadd639d2c82bbe96d977a80236c9d94cba1
bmrb_entity_comp_index,bmr4833_entity_comp_index.json,/content/drive/MyDrive/nmr_hsqc_predictor_v14/external_blind_cache/step48c1/bmrb_entity_comp_index_json/bmr4833_entity_comp_index.json,11772,2f94868d6f960ba4c68fd8d91615d9d5e1ed9a85c0bbdd0f39c4128dafa9642e
bmrb_entity_comp_index,bmr4841_entity_comp_index.json,/content/drive/MyDrive/nmr_hsqc_predictor_v14/external_blind_cache/step48c1/bmrb_entity_comp_index_json/bmr4841_entity_comp_index.json,16132,935f3f1c290c937a6e22d1f8f3bebe9287b79c699fffcac05ba711e9c032bbe4
rcsb_mmcif,1b2t.cif,/content/drive/MyDrive/nmr_hsqc_predictor_v14/external_blind_cache/step48c1/rcsb_mmcif/1b2t.cif,2202333,35c40ac5950ebb778d21daea7d0bc190faef627776d8e8d0b9b08d48c768f036
rcsb_mmcif,1b4r.cif,/content/drive/MyDrive/nmr_hsqc_predictor_v14/external_blind_cache/step48c1/rcsb_mmcif/1b4r.cif,1985621,d12da97780e75240cf067c2810ec4b2704007fde6495b2c3f95c232fee348bfc
rcsb_mmcif,1b6f.cif,/content/drive/MyDrive/nmr_hsqc_predictor_v14/external_blind_cache/step48c1/rcsb_mmcif/1b6f.cif,5094291,afe132ca76405d202e564bee8ea21277e0592fd0bdf7f332eeeeb9b9639f0b2f
rcsb_mmcif,1b75.cif,/content/drive/MyDrive/nmr_hsqc_predictor_v14/external_blind_cache/step48c1/rcsb_mmcif/1b75.cif,1393917,6c40d94427b2d349c1a9a30434aedbdfa4c311a946044a1d77062a5b11d4e962
rcsb_mmcif,1blq.cif,/content/drive/MyDrive/nmr_hsqc_predictor_v14/external_blind_cache/step48c1/rcsb_mmcif/1blq.cif,3453950,2f2cd1b7b614b8b8ebbf8e92d664f118f5e0e49a58d9849dc4f3860aecf3ff88
rcsb_mmcif,1c05.cif,/content/drive/MyDrive/nmr_hsqc_predictor_v14/external_blind_cache/step48c1/rcsb_mmcif/1c05.cif,279313,fcd8d7f68956eb1978d9e287edfda795c68be0a3e664d1a36dbfb58c5f25d448
rcsb_mmcif,1c15.cif,/content/drive/MyDrive/nmr_hsqc_predictor_v14/external_blind_cache/step48c1/rcsb_mmcif/1c15.cif,2247400,23cd8b22c6404a4235f880f24a251fcf9fdd26de0efb0343d01bf5d979b380e6
rcsb_mmcif,1c3t.cif,/content/drive/MyDrive/nmr_hsqc_predictor_v14/external_blind_cache/step48c1/rcsb_mmcif/1c3t.cif,2192378,8edf3f841c4d05140f96a5ce3f2b10bfea3be0436ffe45a6bdfd1ab9b5db1087
rcsb_mmcif,1cej.cif,/content/drive/MyDrive/nmr_hsqc_predictor_v14/external_blind_cache/step48c1/rcsb_mmcif/1cej.cif,3964113,6dd5443e3c0125aba099967bc3534109b3d70b98c7ad5d27d6eabe33f742d389
rcsb_mmcif,1cf4.cif,/content/drive/MyDrive/nmr_hsqc_predictor_v14/external_blind_cache/step48c1/rcsb_mmcif/1cf4.cif,7032797,8903928220817b34675d4b3bfff820acbd7af96042db8e21a24ee6e9131a2e01
rcsb_mmcif,1ci5.cif,/content/drive/MyDrive/nmr_hsqc_predictor_v14/external_blind_cache/step48c1/rcsb_mmcif/1ci5.cif,2706282,38da8cade4250052c2ee0fc8f2d0583f8539a69d15a398fdb45b4d43542f0358
rcsb_mmcif,1ckv.cif,/content/drive/MyDrive/nmr_hsqc_predictor_v14/external_blind_cache/step48c1/rcsb_mmcif/1ckv.cif,2827952,126c92d55a91503d665d515a92a942c840776bc69df33e09a243eb97ef6ccbcd
rcsb_mmcif,1cl4.cif,/content/drive/MyDrive/nmr_hsqc_predictor_v14/external_blind_cache/step48c1/rcsb_mmcif/1cl4.cif,576547,cdabdd2e2ae08884e5c1b5b09a0f96a03ee97b3796ab3013acc0988da7eb13ab
rcsb_mmcif,1cmz.cif,/content/drive/MyDrive/nmr_hsqc_predictor_v14/external_blind_cache/step48c1/rcsb_mmcif/1cmz.cif,3769801,bed99d366d95d0059de1ea3615db2c6d3d0bb11cf20531d66ac308abe9ccf2de
rcsb_mmcif,1cok.cif,/content/drive/MyDrive/nmr_hsqc_predictor_v14/external_blind_cache/step48c1/rcsb_mmcif/1cok.cif,1748263,b612228bf516a8b366e42dbca7d5a33b0e1a94bc3f70ca406ad1b6d5b8ea4536
rcsb_mmcif,1cou.cif,/content/drive/MyDrive/nmr_hsqc_predictor_v14/external_blind_cache/step48c1/rcsb_mmcif/1cou.cif,2029284,9bd9c4fbf30bf9753c7cbcb6123677e84bc8bfa11ea1359575139c24ec71fa8d
rcsb_mmcif,1cr8.cif,/content/drive/MyDrive/nmr_hsqc_predictor_v14/external_blind_cache/step48c1/rcsb_mmcif/1cr8.cif,1142268,7b618dedc4295b56d68facb19c82f2929996b04fa9e02e91702215b27c4c734f
rcsb_mmcif,1cx1.cif,/content/drive/MyDrive/nmr_hsqc_predictor_v14/external_blind_cache/step48c1/rcsb_mmcif/1cx1.cif,4339729,6dc0858f9c94f01313741ef1d9415da6973336670b38b1c2180b0ddd9718d569
rcsb_mmcif,1cxw.cif,/content/drive/MyDrive/nmr_hsqc_predictor_v14/external_blind_cache/step48c1/rcsb_mmcif/1cxw.cif,3948380,e826de3d56e7731e45e5a50d64979a9a2d9ec1685107b0be91febfdaf0a7772a
rcsb_mmcif,1d1n.cif,/content/drive/MyDrive/nmr_hsqc_predictor_v14/external_blind_cache/step48c1/rcsb_mmcif/1d1n.cif,2842646,57ce0a4035818084a1ed983ba50c5f75eeb37362b5f2d16a339f3ed7168c6d8c
rcsb_mmcif,1d1o.cif,/content/drive/MyDrive/nmr_hsqc_predictor_v14/external_blind_cache/step48c1/rcsb_mmcif/1d1o.cif,2556337,395a12adde8733b839f1ec57573a6cbfffb59a1197ab211272a1ea558a0c2704
rcsb_mmcif,1d2l.cif,/content/drive/MyDrive/nmr_hsqc_predictor_v14/external_blind_cache/step48c1/rcsb_mmcif/1d2l.cif,1181751,4c3cad61a70b3022d54f03c21b33c9856555fe87eab38b65fe6cd2dba73b0b23
rcsb_mmcif,1d4b.cif,/content/drive/MyDrive/nmr_hsqc_predictor_v14/external_blind_cache/step48c1/rcsb_mmcif/1d4b.cif,2651804,a14f09aa9542c065be1b8d5b887d0470f3b99bbe50fc2d3cad801524296e6a86
rcsb_mmcif,1d5g.cif,/content/drive/MyDrive/nmr_hsqc_predictor_v14/external_blind_cache/step48c1/rcsb_mmcif/1d5g.cif,2895552,7ee4571f34769d61e19c76cc1f5d3ea656250e293e236473063378eb659da2d2
rcsb_mmcif,1d7q.cif,/content/drive/MyDrive/nmr_hsqc_predictor_v14/external_blind_cache/step48c1/rcsb_mmcif/1d7q.cif,4516633,6aa4ac22273b3cc36ec9849dffdf97859f852ac85f07393c25e434b59b38003a
rcsb_mmcif,1d8b.cif,/content/drive/MyDrive/nmr_hsqc_predictor_v14/external_blind_cache/step48c1/rcsb_mmcif/1d8b.cif,1789590,5fee52a9291e069166e099a2cf7a3575463cb4a5241c3b527ff311b3742922c2
rcsb_mmcif,1d8j.cif,/content/drive/MyDrive/nmr_hsqc_predictor_v14/external_blind_cache/step48c1/rcsb_mmcif/1d8j.cif,2352588,db4d9e30e127694fe889c53141a8ad74cb9313a260345886dbf8ae02b26ff83e
rcsb_mmcif,1d9s.cif,/content/drive/MyDrive/nmr_hsqc_predictor_v14/external_blind_cache/step48c1/rcsb_mmcif/1d9s.cif,1861246,f9edbfc379284dff2ae168bc059483c76af401ac562de52df817cc06482f8ed0
rcsb_mmcif,1daq.cif,/content/drive/MyDrive/nmr_hsqc_predictor_v14/external_blind_cache/step48c1/rcsb_mmcif/1daq.cif,150037,29086a4e3441d76a42b2578c16b2cb710f99f7ecfa618cafd7cec9ccaed1bfaf
rcsb_mmcif,1dc7.cif,/content/drive/MyDrive/nmr_hsqc_predictor_v14/external_blind_cache/step48c1/rcsb_mmcif/1dc7.cif,216415,7dfbfb07dd797be8f15cd3bfbaec70a5d8992b739d1e8d764a6fa4964d6d4831
rcsb_mmcif,1dc8.cif,/content/drive/MyDrive/nmr_hsqc_predictor_v14/external_blind_cache/step48c1/rcsb_mmcif/1dc8.cif,203597,06f4d52ff5d2a79dcb85a662feb276813fdbcbf4dd7760e8c58bb988689da3f4
rcsb_mmcif,1dcz.cif,/content/drive/MyDrive/nmr_hsqc_predictor_v14/external_blind_cache/step48c1/rcsb_mmcif/1dcz.cif,138128,27867639391544cc14f9793778f19112a7237c9d55e6c1574ac5248ee20193d2
rcsb_mmcif,1dd2.cif,/content/drive/MyDrive/nmr_hsqc_predictor_v14/external_blind_cache/step48c1/rcsb_mmcif/1dd2.cif,3227248,0e910425f2a00f0f4b9b05135af63ea14e0b84b6cf440a11516cebb2ea11df3e
rcsb_mmcif,1dgq.cif,/content/drive/MyDrive/nmr_hsqc_predictor_v14/external_blind_cache/step48c1/rcsb_mmcif/1dgq.cif,6066402,6210214bd03d810ad1b968cd0566fbf5db40af8b1a43c78ae19816958264657e
rcsb_mmcif,1do9.cif,/content/drive/MyDrive/nmr_hsqc_predictor_v14/external_blind_cache/step48c1/rcsb_mmcif/1do9.cif,5838875,ad36cf880443af9a57d6048b6c82713614e15e72510dad9cefb30e3768da2309
rcsb_mmcif,1doq.cif,/content/drive/MyDrive/nmr_hsqc_predictor_v14/external_blind_cache/step48c1/rcsb_mmcif/1doq.cif,133793,bc02b2dda163cbab525e18064ff94b76e9e2ab6ef4a7fd86e02e0041d2d6d1ca
rcsb_mmcif,1dp3.cif,/content/drive/MyDrive/nmr_hsqc_predictor_v14/external_blind_cache/step48c1/rcsb_mmcif/1dp3.cif,1610062,75b880c5ea0d871497ed69a03a9769e854f53e0120b97962bb17afcebd893244
rcsb_mmcif,1duj.cif,/content/drive/MyDrive/nmr_hsqc_predictor_v14/external_blind_cache/step48c1/rcsb_mmcif/1duj.cif,315879,a98ae1987fc8b82258d374330d6d2afe4efd2d045519b19ecfcb3cfc158d0d34
rcsb_mmcif,1dv0.cif,/content/drive/MyDrive/nmr_hsqc_predictor_v14/external_blind_cache/step48c1/rcsb_mmcif/1dv0.cif,1144888,7f6aa2e3ac29f8a5fed5a70823bbeef11b64eefc15075881d253e3acc4e57230
rcsb_mmcif,1dv5.cif,/content/drive/MyDrive/nmr_hsqc_predictor_v14/external_blind_cache/step48c1/rcsb_mmcif/1dv5.cif,3272354,79add86a40acbf9904b25d288a9d939bc96aef90fefaec04f5cceb8d71fc26e8
rcsb_mmcif,1e0e.cif,/content/drive/MyDrive/nmr_hsqc_predictor_v14/external_blind_cache/step48c1/rcsb_mmcif/1e0e.cif,4429720,1baf9b2833f2ef333d91507ef1dc35a6a2ea12283b580c4d4934e186f0aa8c33
rcsb_mmcif,1e1u.cif,/content/drive/MyDrive/nmr_hsqc_predictor_v14/external_blind_cache/step48c1/rcsb_mmcif/1e1u.cif,3066357,23c37e9f446360df0f023cbcf089dc0d67dae2c288af8b227af4e55bdea4799f
rcsb_mmcif,1e4u.cif,/content/drive/MyDrive/nmr_hsqc_predictor_v14/external_blind_cache/step48c1/rcsb_mmcif/1e4u.cif,3402429,85320477ed635f6d37bf75e780457d4013bb2d3b92ed7f1d37c0e2f3efe14b76
rcsb_mmcif,1e52.cif,/content/drive/MyDrive/nmr_hsqc_predictor_v14/external_blind_cache/step48c1/rcsb_mmcif/1e52.cif,3184945,afb71dae603a8a4926f0c7454a835d8b6049b3c1eb810aff6d7ae213cefecda6
rcsb_mmcif,1e5c.cif,/content/drive/MyDrive/nmr_hsqc_predictor_v14/external_blind_cache/step48c1/rcsb_mmcif/1e5c.cif,556594,95e807aa10022d38f0d21e1ebb524b4c5bdee3e8209e4bc0fc1510ff949e65f6
rcsb_mmcif,1e91.cif,/content/drive/MyDrive/nmr_hsqc_predictor_v14/external_blind_cache/step48c1/rcsb_mmcif/1e91.cif,2861352,531d37b2f8a498950c4cc7b1c0d5459d25ab97f7ae8d9ed042bb3e1b89bfd70a
rcsb_mmcif,1ed7.cif,/content/drive/MyDrive/nmr_hsqc_predictor_v14/external_blind_cache/step48c1/rcsb_mmcif/1ed7.cif,1879467,454d75884168b0bee4ed056c8eea3782662fd93d2408147212af7842e1f73308
rcsb_mmcif,1ehx.cif,/content/drive/MyDrive/nmr_hsqc_predictor_v14/external_blind_cache/step48c1/rcsb_mmcif/1ehx.cif,2530734,3ac3eb2d4172706739449ca849385ed125ada9196dc8b642d0b9bbd043bd5942
rcsb_mmcif,1eig.cif,/content/drive/MyDrive/nmr_hsqc_predictor_v14/external_blind_cache/step48c1/rcsb_mmcif/1eig.cif,149662,1ba58e6dbd2e9e78f3e0cd80a0f870f08c9dd39f6bc2a56b46e0a686720f59f4
rcsb_mmcif,1eih.cif,/content/drive/MyDrive/nmr_hsqc_predictor_v14/external_blind_cache/step48c1/rcsb_mmcif/1eih.cif,2115653,9d3dfeb3a14b65280d81d7f32785e7666315b8847d7cf8a9124f660396f1b17b
rcsb_mmcif,1eii.cif,/content/drive/MyDrive/nmr_hsqc_predictor_v14/external_blind_cache/step48c1/rcsb_mmcif/1eii.cif,5075478,6cab471bf2607c38af23254201a4d358d9da3567aa4363ac481cbf48c4e3a73e
rcsb_mmcif,1eoq.cif,/content/drive/MyDrive/nmr_hsqc_predictor_v14/external_blind_cache/step48c1/rcsb_mmcif/1eoq.cif,147538,f204e5e2d63ea280b2b4dfa20c9ec42f148ffd20212025d566ff31fb5d52f8dd
rcsb_mmcif,1exk.cif,/content/drive/MyDrive/nmr_hsqc_predictor_v14/external_blind_cache/step48c1/rcsb_mmcif/1exk.cif,2154045,f83146dd05c1ba44722cf805f5bae01e3ab8c8b738cd54a228e044c38b71f446
rcsb_mmcif,1ezy.cif,/content/drive/MyDrive/nmr_hsqc_predictor_v14/external_blind_cache/step48c1/rcsb_mmcif/1ezy.cif,5850986,41f947cc987628fa5db9f224a8cceeab5e5756990bc349839bcbebdca428a986
rcsb_mmcif,1f2h.cif,/content/drive/MyDrive/nmr_hsqc_predictor_v14/external_blind_cache/step48c1/rcsb_mmcif/1f2h.cif,279470,2af17bcb343bf4c6a5c600d77a3fdf9ab8d442b8f7eb366ef42073af0a2ca63e
rcsb_mmcif,1f3y.cif,/content/drive/MyDrive/nmr_hsqc_predictor_v14/external_blind_cache/step48c1/rcsb_mmcif/1f3y.cif,5905710,49a9183fd8bd58ca250aaa25fea32cacd6b10cf47b48ccbe871340dc2449c034
rcsb_mmcif,1f43.cif,/content/drive/MyDrive/nmr_hsqc_predictor_v14/external_blind_cache/step48c1/rcsb_mmcif/1f43.cif,1876062,d1e956d44f0c84f72e38d1c0b86d8e31f99ae20bb0e3196f7b657c11ea108d16
rcsb_mmcif,1f6u.cif,/content/drive/MyDrive/nmr_hsqc_predictor_v14/external_blind_cache/step48c1/rcsb_mmcif/1f6u.cif,3048147,da6a115e0206c22088c1a8449df095a338bc1d20035883ff1dbcbb88330829c9
rcsb_mmcif,1f7w.cif,/content/drive/MyDrive/nmr_hsqc_predictor_v14/external_blind_cache/step48c1/rcsb_mmcif/1f7w.cif,243302,8f4259bf43061c32babfd77c7dc2c8bb0a76b8f53649f785d4b3239e6fd3c034
rcsb_mmcif,1f7x.cif,/content/drive/MyDrive/nmr_hsqc_predictor_v14/external_blind_cache/step48c1/rcsb_mmcif/1f7x.cif,6058268,0823e13b494897fe64f5e0db41858dbd40b798932b9a4be9cb130ca2d5b77b05
rcsb_mmcif,1fa3.cif,/content/drive/MyDrive/nmr_hsqc_predictor_v14/external_blind_cache/step48c1/rcsb_mmcif/1fa3.cif,2819100,0dc1e4228cc879f58b4628d63760696392e69c3e430b4cbda926516f898b82ed
rcsb_mmcif,1fho.cif,/content/drive/MyDrive/nmr_hsqc_predictor_v14/external_blind_cache/step48c1/rcsb_mmcif/1fho.cif,4489006,6dfcfba5c7ae4c129c9303bd897536437aa7a9e1e50a5686338ab70fa1e4bdcf
rcsb_mmcif,1fi6.cif,/content/drive/MyDrive/nmr_hsqc_predictor_v14/external_blind_cache/step48c1/rcsb_mmcif/1fi6.cif,4157055,6c1f77559cf47646404d0acba1b5fe80d8993ac9a704440b8838c1b89dd06ba6
rcsb_mmcif,1fls.cif,/content/drive/MyDrive/nmr_hsqc_predictor_v14/external_blind_cache/step48c1/rcsb_mmcif/1fls.cif,295215,6d0b9671cc33d422cae5301a58dd22816fafc2add6e4341e343c749d9b686ed4
rcsb_mmcif,1fm1.cif,/content/drive/MyDrive/nmr_hsqc_predictor_v14/external_blind_cache/step48c1/rcsb_mmcif/1fm1.cif,6943936,c382451a22ab81fd7e27e70750227a2ad2cdcf589a9b0d0b7a7cae8b33e4773c
rcsb_mmcif,1fo7.cif,/content/drive/MyDrive/nmr_hsqc_predictor_v14/external_blind_cache/step48c1/rcsb_mmcif/1fo7.cif,4718599,b560b8189ae8459fb40ba00a85b841f88179b3853d8e12d5022df6875d0c3735
rcsb_mmcif,1fpw.cif,/content/drive/MyDrive/nmr_hsqc_predictor_v14/external_blind_cache/step48c1/rcsb_mmcif/1fpw.cif,5621425,d7a4f6d2eb7713dec6b34743b6a7f10785866f1c5b0c08870c5960372f752489
rcsb_mmcif,1fzt.cif,/content/drive/MyDrive/nmr_hsqc_predictor_v14/external_blind_cache/step48c1/rcsb_mmcif/1fzt.cif,6407407,87650db231aa2c84ecff74e0c12e148cb755276e060368b8be6931156705bb04
rcsb_mmcif,1g03.cif,/content/drive/MyDrive/nmr_hsqc_predictor_v14/external_blind_cache/step48c1/rcsb_mmcif/1g03.cif,3785402,56340eeaa8121ee6f31e9594086593d5addf3f3777a0445fe3486ff4f469a6d0
rcsb_mmcif,1g6e.cif,/content/drive/MyDrive/nmr_hsqc_predictor_v14/external_blind_cache/step48c1/rcsb_mmcif/1g6e.cif,3718370,9d7338c40d619044f5fc311d0a229adbc1d1fdbd55d24177b4bc1369c9ac3238
rcsb_mmcif,1gh9.cif,/content/drive/MyDrive/nmr_hsqc_predictor_v14/external_blind_cache/step48c1/rcsb_mmcif/1gh9.cif,2068699,c5743a1e9a7adbfd980a0c4cdd596530081ffaa6112f59608d8cd4467bd7f636
rcsb_mmcif,1h6q.cif,/content/drive/MyDrive/nmr_hsqc_predictor_v14/external_blind_cache/step48c1/rcsb_mmcif/1h6q.cif,278029,961f7bca331572cd8eb8dc041d28da896ee8310c8fb221124017d11a75143647
rcsb_mmcif,1h7y.cif,/content/drive/MyDrive/nmr_hsqc_predictor_v14/external_blind_cache/step48c1/rcsb_mmcif/1h7y.cif,3575909,7fa6008450363a2f38f00cca8136fc72f265f5b5d688fcc28afe6380c2c0c4e1
rcsb_mmcif,1hyi.cif,/content/drive/MyDrive/nmr_hsqc_predictor_v14/external_blind_cache/step48c1/rcsb_mmcif/1hyi.cif,1915222,76f79c29c752bfd506037b25f6a10e1991eb86199a29b19021036bab727c6c94
rcsb_mmcif,1hyj.cif,/content/drive/MyDrive/nmr_hsqc_predictor_v14/external_blind_cache/step48c1/rcsb_mmcif/1hyj.cif,1835651,c90fd73279348152073ddc158d90653ea27ba0921dabde4c839e67b602909682
rcsb_mmcif,1ily.cif,/content/drive/MyDrive/nmr_hsqc_predictor_v14/external_blind_cache/step48c1/rcsb_mmcif/1ily.cif,3475266,e45827133ab7191fc3816e0ee7fe4ff5cc6d94748ada7d3ee568395aff73d482
rcsb_mmcif,1ivm.cif,/content/drive/MyDrive/nmr_hsqc_predictor_v14/external_blind_cache/step48c1/rcsb_mmcif/1ivm.cif,3679549,2c36901e72e769ec05aa02bf0b23f3e71920ccdf76e243ae513b497b57615dbb
rcsb_mmcif,1ix5.cif,/content/drive/MyDrive/nmr_hsqc_predictor_v14/external_blind_cache/step48c1/rcsb_mmcif/1ix5.cif,2156152,673926240879e87304b529cf6aaafa5e50e008d6884bf194287aa560b1ddb8bc
rcsb_mmcif,1j9i.cif,/content/drive/MyDrive/nmr_hsqc_predictor_v14/external_blind_cache/step48c1/rcsb_mmcif/1j9i.cif,3874762,784228a647c25f16682efc27f6b8af6ffeb5db7d8771199a0b138ea4323f23a7
rcsb_mmcif,1jba.cif,/content/drive/MyDrive/nmr_hsqc_predictor_v14/external_blind_cache/step48c1/rcsb_mmcif/1jba.cif,6242742,0e8c4b13bb4136d8cae06ab41bb76873cf3c95828416860b7750454234a62543
rcsb_mmcif,1jgk.cif,/content/drive/MyDrive/nmr_hsqc_predictor_v14/external_blind_cache/step48c1/rcsb_mmcif/1jgk.cif,1695458,d842d0b3ee9ccfdbae41d9ad0e1300ced544d81731c6dbf2c1cb495f0641ad20
rcsb_mmcif,1jr6.cif,/content/drive/MyDrive/nmr_hsqc_predictor_v14/external_blind_cache/step48c1/rcsb_mmcif/1jr6.cif,4710190,c5dbdf45e236eb99db8fd80c893b56ed58aeb4b2167f6b2e6f79b97d0a758c47
rcsb_mmcif,1jwd.cif,/content/drive/MyDrive/nmr_hsqc_predictor_v14/external_blind_cache/step48c1/rcsb_mmcif/1jwd.cif,5606935,0fd7d3ec9b827f4d901cd511587799574cf4176562599238b41c612b4a5b2784
rcsb_mmcif,1jxs.cif,/content/drive/MyDrive/nmr_hsqc_predictor_v14/external_blind_cache/step48c1/rcsb_mmcif/1jxs.cif,2915076,27836fc991934e134f4697b8ddf7d6aaa206e3600737a5d79259a5386e5f41c2
rcsb_mmcif,1jyt.cif,/content/drive/MyDrive/nmr_hsqc_predictor_v14/external_blind_cache/step48c1/rcsb_mmcif/1jyt.cif,4804775,6f22b642a6e6e87befc09ea63349e02e92609fc7a72ae2744d45b7454a4d6ce5
rcsb_mmcif,1jzu.cif,/content/drive/MyDrive/nmr_hsqc_predictor_v14/external_blind_cache/step48c1/rcsb_mmcif/1jzu.cif,4583866,314dd3674c71f7848baa3f5eb8de329ac99f083b253dede92aa189aa697a8cb3
rcsb_mmcif,1kd6.cif,/content/drive/MyDrive/nmr_hsqc_predictor_v14/external_blind_cache/step48c1/rcsb_mmcif/1kd6.cif,5044584,6aa73eda3084b24e351cec3509c522cc215ef765a597e5087d30af1ac635439d
rcsb_mmcif,1khm.cif,/content/drive/MyDrive/nmr_hsqc_predictor_v14/external_blind_cache/step48c1/rcsb_mmcif/1khm.cif,2444039,2ed5850777906c7cdd1ca8197c9a53da16eac29bc35bef1a1afc7d6d1f64f7d3
rcsb_mmcif,1l6e.cif,/content/drive/MyDrive/nmr_hsqc_predictor_v14/external_blind_cache/step48c1/rcsb_mmcif/1l6e.cif,3288337,a3d69417194e648fd6acfe65492a605c691c53df692861ca938eb52a1fc168e2
rcsb_mmcif,1l6u.cif,/content/drive/MyDrive/nmr_hsqc_predictor_v14/external_blind_cache/step48c1/rcsb_mmcif/1l6u.cif,1603193,13030d99010ae002edd16cc14e68abd6f18d037cecf0237d6ab547ae532d78aa
rcsb_mmcif,1l6v.cif,/content/drive/MyDrive/nmr_hsqc_predictor_v14/external_blind_cache/step48c1/rcsb_mmcif/1l6v.cif,1601448,d8ba69c9525d174a5295aa6641f3ac8e27bf35e35d2c5ddfaab11d2e019b7d18
rcsb_mmcif,1ls4.cif,/content/drive/MyDrive/nmr_hsqc_predictor_v14/external_blind_cache/step48c1/rcsb_mmcif/1ls4.cif,4648113,1a1b442a44c60f35aa3d98a070b6891f83c2fb69f371d1fb49be4a2b2c6d956f
rcsb_mmcif,1m58.cif,/content/drive/MyDrive/nmr_hsqc_predictor_v14/external_blind_cache/step48c1/rcsb_mmcif/1m58.cif,2371482,b624058af8a28ac2278a63c0a706171cf37b288bc4baeb1353947d467ff0c065
rcsb_mmcif,1n4c.cif,/content/drive/MyDrive/nmr_hsqc_predictor_v14/external_blind_cache/step48c1/rcsb_mmcif/1n4c.cif,5328577,bc76304ff7cbf02d07cc2f7b15d5cda43c2ef8abfa517765ece0fbb4e2e96361
rcsb_mmcif,1nla.cif,/content/drive/MyDrive/nmr_hsqc_predictor_v14/external_blind_cache/step48c1/rcsb_mmcif/1nla.cif,2084467,06e13eb4cd54df7734d6442ddd459c09c762163be102c3eda3341b9556cc2e1d
rcsb_mmcif,1om2.cif,/content/drive/MyDrive/nmr_hsqc_predictor_v14/external_blind_cache/step48c1/rcsb_mmcif/1om2.cif,2922131,189962251e91e735e7f669c282fe92731d27b2734553aad1315a32bb406c3a9d
rcsb_mmcif,1plo.cif,/content/drive/MyDrive/nmr_hsqc_predictor_v14/external_blind_cache/step48c1/rcsb_mmcif/1plo.cif,1716348,b5c3e80d1158b2e12573fa5035c04d4c3e9681811fced2edc75493d5b631b2af
rcsb_mmcif,1qhk.cif,/content/drive/MyDrive/nmr_hsqc_predictor_v14/external_blind_cache/step48c1/rcsb_mmcif/1qhk.cif,1330856,f9973927349ca3569a5a6dd4242d383d4b61abd2734a4860d7a1c7590a16050e
rcsb_mmcif,1qjt.cif,/content/drive/MyDrive/nmr_hsqc_predictor_v14/external_blind_cache/step48c1/rcsb_mmcif/1qjt.cif,4052120,f0323f23abe6b95e000d7ac9f814ebef488487f10e9d774724ce94edc094444f
rcsb_mmcif,1qpu.cif,/content/drive/MyDrive/nmr_hsqc_predictor_v14/external_blind_cache/step48c1/rcsb_mmcif/1qpu.cif,217285,1aaa6ede7950a6e9379ffd595933a72f8a25d058f2bb79021d44d3eaff1e52e9
rcsb_mmcif,1qqv.cif,/content/drive/MyDrive/nmr_hsqc_predictor_v14/external_blind_cache/step48c1/rcsb_mmcif/1qqv.cif,129468,89a471ad774279bebdf35714f9a45393b373eecbd2262bc1fafe2eaf2539a832
rcsb_mmcif,1qtg.cif,/content/drive/MyDrive/nmr_hsqc_predictor_v14/external_blind_cache/step48c1/rcsb_mmcif/1qtg.cif,196622,2555b3968b29c2f577da252240444c9f90188e0287d2f378acf88747ffa16ba7
rcsb_mmcif,1r2a.cif,/content/drive/MyDrive/nmr_hsqc_predictor_v14/external_blind_cache/step48c1/rcsb_mmcif/1r2a.cif,2281827,419765884b05f1c0afdd7cf07de293522cdd27df9e0edf5a607a84519ce064c1
rcsb_mmcif,1rqu.cif,/content/drive/MyDrive/nmr_hsqc_predictor_v14/external_blind_cache/step48c1/rcsb_mmcif/1rqu.cif,353148,ccc02c36d7d26eeb8b7a1f41c6b22b26a634425650d708b98606acc91e378bcd
rcsb_mmcif,1rqv.cif,/content/drive/MyDrive/nmr_hsqc_predictor_v14/external_blind_cache/step48c1/rcsb_mmcif/1rqv.cif,353164,09e7c4b2163c0e6362306878e71a125dc457b1c6ef02fac14ed92d1dc462f7cd
rcsb_mmcif,1s62.cif,/content/drive/MyDrive/nmr_hsqc_predictor_v14/external_blind_cache/step48c1/rcsb_mmcif/1s62.cif,2219623,256c8df8ad352a6f9f98985822d52aa3a7953eee09a20a0ba32a8a3b0c93cf75
rcsb_mmcif,1ub1.cif,/content/drive/MyDrive/nmr_hsqc_predictor_v14/external_blind_cache/step48c1/rcsb_mmcif/1ub1.cif,1821209,7be257cd1eb9afd972beff05815aeb5dc3a3195bd7c1e28e6221b7c8f8ee5575
rcsb_mmcif,1ud7.cif,/content/drive/MyDrive/nmr_hsqc_predictor_v14/external_blind_cache/step48c1/rcsb_mmcif/1ud7.cif,2186564,4406c16478c4f4f624325771ab6690fee6345c4b926cdec08e4bba5a70a82fe6
rcsb_mmcif,1vrc.cif,/content/drive/MyDrive/nmr_hsqc_predictor_v14/external_blind_cache/step48c1/rcsb_mmcif/1vrc.cif,1214508,1b964e8503e48f83083caa067015cc6696d835534e1e799c457d2f5758bf0950
rcsb_mmcif,1zac.cif,/content/drive/MyDrive/nmr_hsqc_predictor_v14/external_blind_cache/step48c1/rcsb_mmcif/1zac.cif,155214,f2aac5aa815696e484da55f141682fcdc4157a13fdb18ae6831bacab1610427f
rcsb_mmcif,2afp.cif,/content/drive/MyDrive/nmr_hsqc_predictor_v14/external_blind_cache/step48c1/rcsb_mmcif/2afp.cif,833326,9eed238a9524a81f2dee16e3ae4f03bca197e0ad87c7ce712f9071addee6cf04
rcsb_mmcif,2an7.cif,/content/drive/MyDrive/nmr_hsqc_predictor_v14/external_blind_cache/step48c1/rcsb_mmcif/2an7.cif,5469578,ab9644fed78a27f96a36963865949ac538c48e95e66f9653581197d3e9fa0f45
rcsb_mmcif,2bdo.cif,/content/drive/MyDrive/nmr_hsqc_predictor_v14/external_blind_cache/step48c1/rcsb_mmcif/2bdo.cif,2660179,967f1f0b6e421c471b91010b452464fb0fab27dc8c0f3b48d8fccb1a31037ae4
rcsb_mmcif,2cnp.cif,/content/drive/MyDrive/nmr_hsqc_predictor_v14/external_blind_cache/step48c1/rcsb_mmcif/2cnp.cif,5610579,ebe1a503343707e6f2991115029e0a78bfbd87c1eb01fcffb60d654efb94b6ec
rcsb_mmcif,2ife.cif,/content/drive/MyDrive/nmr_hsqc_predictor_v14/external_blind_cache/step48c1/rcsb_mmcif/2ife.cif,3345231,57eef4c9751755ac7b4e92ee0f80675032a3f62df94bca9da221eed93b234d0d
rcsb_mmcif,2lcp.cif,/content/drive/MyDrive/nmr_hsqc_predictor_v14/external_blind_cache/step48c1/rcsb_mmcif/2lcp.cif,5764914,f5b1b24953bdf7d8d1322269347edd034df8e33c0c7eac532acd1fecf11a0d41
rcsb_mmcif,2mob.cif,/content/drive/MyDrive/nmr_hsqc_predictor_v14/external_blind_cache/step48c1/rcsb_mmcif/2mob.cif,2001187,12e67751079ab3863ac8ea0826717d4edb84881b2b416d1fa65e0a382c974253
rcsb_mmcif,3bdo.cif,/content/drive/MyDrive/nmr_hsqc_predictor_v14/external_blind_cache/step48c1/rcsb_mmcif/3bdo.cif,2247809,0597b2c261d4fccd7180404f34c26a4f42e737d4c17d1d6c2e38feb19b05933c
rcsb_mmcif,3eza.cif,/content/drive/MyDrive/nmr_hsqc_predictor_v14/external_blind_cache/step48c1/rcsb_mmcif/3eza.cif,511491,3d963aa9fd7ba5b35fe4aaa78f4697747d6509651943e9f459d9bdcd23051551
rcsb_mmcif,3lri.cif,/content/drive/MyDrive/nmr_hsqc_predictor_v14/external_blind_cache/step48c1/rcsb_mmcif/3lri.cif,1563776,bf45d6fa971bb771027f7dfb6afae27a278ed4582b558f944d1c5b37b583798c
rcsb_mmcif,7hsc.cif,/content/drive/MyDrive/nmr_hsqc_predictor_v14/external_blind_cache/step48c1/rcsb_mmcif/7hsc.cif,269363,d450c931bdb7f7b481f4c5ce7fb89f7f4c7d008801895753a67590650d837c46
